2024-09-17 14:59:27,842 [INFO] Activator:176 - 


2024-09-17 14:59:27,855 [INFO] Activator:177 - !SESSION log4j initialized
2024-09-17 14:59:54,683 [INFO] LogOutputStream:77 - [STDOUT_REDIRECT] 
2024-09-17 14:59:57,640 [INFO] ApplicationProperties:184 - Using Application install path: C:\ST\STM32CubeIDE_1.15.1\STM32CubeIDE\plugins\com.st.stm32cube.common.mx_6.11.1.202404110753
2024-09-17 14:59:57,657 [INFO] DbMcusXml:78 - Set database path to: C:\ST\STM32CubeIDE_1.15.1\STM32CubeIDE\plugins\com.st.stm32cube.common.mx_6.11.1.202404110753\\db\/mcu/
2024-09-17 14:59:57,658 [INFO] ApiDb:274 - Set plugin database path to: C:\ST\STM32CubeIDE_1.15.1\STM32CubeIDE\plugins\com.st.stm32cube.common.mx_6.11.1.202404110753\\db\/plugins/boardmanager/
2024-09-17 14:59:57,658 [WARN] ApiDb:259 - Overriding images path with different value:  => C:\ST\STM32CubeIDE_1.15.1\STM32CubeIDE\plugins\com.st.stm32cube.common.mx_6.11.1.202404110753\\db\/plugins/mcufinder/images/
2024-09-17 14:59:57,671 [INFO] ApiDb:250 - Set database path to: C:\Users\tommy\.stmcufinder\plugins\mcufinder//mcu/
2024-09-17 14:59:57,672 [INFO] DbMcusAds:125 - Set database path to: C:\Users\tommy\.stmcufinder\plugins\mcufinder//mcu/
2024-09-17 14:59:57,676 [INFO] CrossReferenceDbSqlite:203 - Set database path to: C:\Users\tommy\.stmcufinder\plugins\mcufinder//mcu/cs/
2024-09-17 14:59:57,815 [INFO] DbMcusXml:78 - Set database path to: C:\ST\STM32CubeIDE_1.15.1\STM32CubeIDE\plugins\com.st.stm32cube.common.mx_6.11.1.202404110753\\db\/mcu/
2024-09-17 14:59:57,816 [INFO] ApiDb:274 - Set plugin database path to: C:\ST\STM32CubeIDE_1.15.1\STM32CubeIDE\plugins\com.st.stm32cube.common.mx_6.11.1.202404110753\\db\/plugins/boardmanager/
2024-09-17 14:59:57,816 [INFO] ApiDb:261 - Set plugin images path to: C:\ST\STM32CubeIDE_1.15.1\STM32CubeIDE\plugins\com.st.stm32cube.common.mx_6.11.1.202404110753\\db\/plugins/mcufinder/images/
2024-09-17 14:59:57,817 [WARN] DbFile:41 - Overriding database path with different value: C:\Users\tommy\.stmcufinder\plugins\mcufinder/ => C:\Users\tommy\.stmcufinder\plugins\mcufinder
2024-09-17 14:59:57,817 [INFO] ApiDb:250 - Set database path to: C:\Users\tommy\.stmcufinder\plugins\mcufinder//mcu/
2024-09-17 14:59:57,817 [WARN] DbFile:41 - Overriding database path with different value: C:\Users\tommy\.stmcufinder\plugins\mcufinder/ => C:\Users\tommy\.stmcufinder\plugins\mcufinder
2024-09-17 14:59:57,818 [INFO] DbMcusAds:125 - Set database path to: C:\Users\tommy\.stmcufinder\plugins\mcufinder//mcu/
2024-09-17 14:59:57,818 [WARN] DbFile:41 - Overriding database path with different value: C:\Users\tommy\.stmcufinder\plugins\mcufinder/ => C:\Users\tommy\.stmcufinder\plugins\mcufinder
2024-09-17 14:59:57,818 [WARN] DbFile:41 - Overriding database path with different value: C:\Users\tommy\.stmcufinder\plugins\mcufinder/ => C:\Users\tommy\.stmcufinder\plugins\mcufinder
2024-09-17 14:59:57,818 [INFO] CrossReferenceDbSqlite:203 - Set database path to: C:\Users\tommy\.stmcufinder\plugins\mcufinder//mcu/cs/
2024-09-17 14:59:57,968 [INFO] MainPanel:264 - HeapMemory: 268435456
2024-09-17 14:59:58,137 [INFO] DbMcusXml:78 - Set database path to: C:\ST\STM32CubeIDE_1.15.1\STM32CubeIDE\plugins\com.st.stm32cube.common.mx_6.11.1.202404110753\\db\/mcu/
2024-09-17 14:59:58,137 [INFO] ApiDb:274 - Set plugin database path to: C:\ST\STM32CubeIDE_1.15.1\STM32CubeIDE\plugins\com.st.stm32cube.common.mx_6.11.1.202404110753\\db\/plugins/boardmanager/
2024-09-17 14:59:58,138 [INFO] ApiDb:261 - Set plugin images path to: C:\ST\STM32CubeIDE_1.15.1\STM32CubeIDE\plugins\com.st.stm32cube.common.mx_6.11.1.202404110753\\db\/plugins/mcufinder/images/
2024-09-17 14:59:58,138 [WARN] DbFile:41 - Overriding database path with different value: C:\Users\tommy\.stmcufinder\plugins\mcufinder/ => C:\Users\tommy\.stmcufinder\plugins\mcufinder
2024-09-17 14:59:58,138 [INFO] ApiDb:250 - Set database path to: C:\Users\tommy\.stmcufinder\plugins\mcufinder//mcu/
2024-09-17 14:59:58,138 [WARN] DbFile:41 - Overriding database path with different value: C:\Users\tommy\.stmcufinder\plugins\mcufinder/ => C:\Users\tommy\.stmcufinder\plugins\mcufinder
2024-09-17 14:59:58,139 [INFO] DbMcusAds:125 - Set database path to: C:\Users\tommy\.stmcufinder\plugins\mcufinder//mcu/
2024-09-17 14:59:58,139 [WARN] DbFile:41 - Overriding database path with different value: C:\Users\tommy\.stmcufinder\plugins\mcufinder/ => C:\Users\tommy\.stmcufinder\plugins\mcufinder
2024-09-17 14:59:58,139 [WARN] DbFile:41 - Overriding database path with different value: C:\Users\tommy\.stmcufinder\plugins\mcufinder/ => C:\Users\tommy\.stmcufinder\plugins\mcufinder
2024-09-17 14:59:58,139 [INFO] CrossReferenceDbSqlite:203 - Set database path to: C:\Users\tommy\.stmcufinder\plugins\mcufinder//mcu/cs/
2024-09-17 14:59:58,172 [INFO] ApplicationProperties:184 - Using Application install path: C:\ST\STM32CubeIDE_1.15.1\STM32CubeIDE\plugins\com.st.stm32cube.common.mx_6.11.1.202404110753
2024-09-17 14:59:58,174 [INFO] PluginManage:196 - Search for loadable plugins [exclusion list=, ]
2024-09-17 14:59:58,176 [INFO] PluginManage:310 - Check plugin analytics
2024-09-17 14:59:58,543 [INFO] AnalyticsPlugin:253 - Accepted Software Licenses: STM32CubeMX.6.11.1
2024-09-17 14:59:58,543 [INFO] AnalyticsPlugin:255 - Accepted CMSIS Pack Licenses: 
2024-09-17 14:59:58,544 [INFO] AnalyticsPlugin:257 - Accepted Firmware Licenses: FW.F4.1.28.0
2024-09-17 14:59:58,550 [INFO] PluginManage:359 - Loaded plugin analytics (category:tool,tabindex:-1)
2024-09-17 14:59:58,551 [INFO] PluginManage:310 - Check plugin cadmodel
2024-09-17 14:59:58,565 [INFO] CADModel:105 - Init CAD model plugin
2024-09-17 14:59:58,566 [INFO] PluginManage:359 - Loaded plugin cadmodel (category:power,tabindex:5)
2024-09-17 14:59:58,567 [INFO] PluginManage:310 - Check plugin clock
2024-09-17 14:59:58,592 [INFO] PluginManage:359 - Loaded plugin clock (category:base,tabindex:2)
2024-09-17 14:59:58,593 [INFO] PluginManage:310 - Check plugin ddr
2024-09-17 14:59:58,600 [INFO] PluginManage:359 - Loaded plugin ddr (category:tool,tabindex:6)
2024-09-17 14:59:58,600 [INFO] PluginManage:310 - Check plugin filemanager
2024-09-17 14:59:58,922 [INFO] PluginManage:359 - Loaded plugin filemanager (category:base,tabindex:10)
2024-09-17 14:59:58,922 [INFO] PluginManage:310 - Check plugin ipmanager
2024-09-17 14:59:58,937 [INFO] PluginManage:359 - Loaded plugin ipmanager (category:base,tabindex:5)
2024-09-17 14:59:58,937 [INFO] PluginManage:310 - Check plugin lpbam
2024-09-17 14:59:58,955 [INFO] PluginManage:359 - Loaded plugin lpbam (category:base,tabindex:0)
2024-09-17 14:59:58,955 [INFO] PluginManage:310 - Check plugin memorymap
2024-09-17 14:59:58,991 [INFO] PluginManage:359 - Loaded plugin memorymap (category:base,tabindex:4)
2024-09-17 14:59:58,991 [INFO] PluginManage:310 - Check plugin pinoutandconfiguration
2024-09-17 14:59:59,008 [INFO] PluginManage:359 - Loaded plugin pinoutandconfiguration (category:base,tabindex:1)
2024-09-17 14:59:59,008 [INFO] PluginManage:310 - Check plugin pinoutconfig
2024-09-17 14:59:59,169 [WARN] SupportedApi:132 - Cannot load RTOS API schema: s4s-elt-must-match.1: The content of 'definitions' must match (annotation?, (simpleType | complexType)?, (unique | key | keyref)*)). A problem was found starting at: attribute.
2024-09-17 14:59:59,463 [INFO] PluginManage:359 - Loaded plugin pinoutconfig (category:base,tabindex:0)
2024-09-17 14:59:59,463 [INFO] PluginManage:310 - Check plugin power
2024-09-17 14:59:59,481 [INFO] PluginManage:359 - Loaded plugin power (category:power,tabindex:4)
2024-09-17 14:59:59,482 [INFO] PluginManage:310 - Check plugin projectmanager
2024-09-17 14:59:59,518 [INFO] PluginManage:359 - Loaded plugin projectmanager (category:projectmanager,tabindex:3)
2024-09-17 14:59:59,518 [INFO] PluginManage:310 - Check plugin thirdparty
2024-09-17 14:59:59,784 [INFO] PluginManage:359 - Loaded plugin thirdparty (category:base,tabindex:-1)
2024-09-17 14:59:59,784 [WARN] IntegrityCheckThread:84 - waiting for thirdparty lock release [integrity check]
2024-09-17 14:59:59,784 [INFO] PluginManage:310 - Check plugin tools
2024-09-17 14:59:59,784 [INFO] IntegrityCheckThread:86 - entering critical section [integrity check]
2024-09-17 14:59:59,785 [INFO] ThirdPartyUpdaterWithRetryManager:70 - Updater plugin not ready yet. [1/15]
2024-09-17 14:59:59,789 [INFO] PluginManage:359 - Loaded plugin tools (category:base,tabindex:7)
2024-09-17 14:59:59,789 [INFO] PluginManage:310 - Check plugin tutovideos
2024-09-17 15:00:00,095 [INFO] PluginManage:359 - Loaded plugin tutovideos (category:base,tabindex:-1)
2024-09-17 15:00:00,096 [INFO] PluginManage:310 - Check plugin updater
2024-09-17 15:00:00,114 [INFO] PluginManage:359 - Loaded plugin updater (category:base,tabindex:12)
2024-09-17 15:00:00,115 [INFO] PluginManage:310 - Check plugin userauth
2024-09-17 15:00:00,125 [INFO] UserAuth:114 - Init User Auth plugin
2024-09-17 15:00:00,125 [INFO] PluginManage:359 - Loaded plugin userauth (category:base,tabindex:14)
2024-09-17 15:00:00,126 [INFO] PluginManage:283 - PluginManage : Loaded plugins [17]
2024-09-17 15:00:00,509 [INFO] PinOutPanel:1561 - setPackage(No Configuration,No Configuration)
2024-09-17 15:00:00,646 [INFO] CADModel:165 - CPN selected for project level
2024-09-17 15:00:00,646 [INFO] CADModel:114 - Register for checkConnection events
2024-09-17 15:00:00,674 [INFO] IPUIPlugin:80 - create IPUIPlugin
2024-09-17 15:00:00,675 [INFO] PluginManager:220 - loadIPPluginJar : add adc
2024-09-17 15:00:00,680 [INFO] IPUIPlugin:80 - create IPUIPlugin
2024-09-17 15:00:00,680 [INFO] PluginManager:220 - loadIPPluginJar : add aes
2024-09-17 15:00:00,686 [INFO] IPUIPlugin:80 - create IPUIPlugin
2024-09-17 15:00:00,686 [INFO] PluginManager:220 - loadIPPluginJar : add can
2024-09-17 15:00:00,690 [INFO] IPUIPlugin:80 - create IPUIPlugin
2024-09-17 15:00:00,690 [INFO] PluginManager:220 - loadIPPluginJar : add comp
2024-09-17 15:00:00,695 [INFO] IPUIPlugin:80 - create IPUIPlugin
2024-09-17 15:00:00,696 [INFO] PluginManager:220 - loadIPPluginJar : add cryp
2024-09-17 15:00:00,702 [INFO] IPUIPlugin:80 - create IPUIPlugin
2024-09-17 15:00:00,702 [INFO] PluginManager:220 - loadIPPluginJar : add dfsdm
2024-09-17 15:00:00,709 [INFO] IPUIPlugin:80 - create IPUIPlugin
2024-09-17 15:00:00,710 [INFO] PluginManager:220 - loadIPPluginJar : add dma
2024-09-17 15:00:00,715 [INFO] IPUIPlugin:80 - create IPUIPlugin
2024-09-17 15:00:00,715 [INFO] PluginManager:220 - loadIPPluginJar : add dma3
2024-09-17 15:00:00,719 [INFO] IPUIPlugin:80 - create IPUIPlugin
2024-09-17 15:00:00,720 [INFO] PluginManager:220 - loadIPPluginJar : add extmemmanager
2024-09-17 15:00:00,724 [INFO] IPUIPlugin:80 - create IPUIPlugin
2024-09-17 15:00:00,724 [INFO] PluginManager:220 - loadIPPluginJar : add fatfs
2024-09-17 15:00:00,733 [INFO] IPUIPlugin:80 - create IPUIPlugin
2024-09-17 15:00:00,733 [INFO] PluginManager:220 - loadIPPluginJar : add fmc
2024-09-17 15:00:00,745 [INFO] IPUIPlugin:80 - create IPUIPlugin
2024-09-17 15:00:00,745 [INFO] PluginManager:220 - loadIPPluginJar : add freertos
2024-09-17 15:00:00,748 [INFO] IPUIPlugin:80 - create IPUIPlugin
2024-09-17 15:00:00,748 [INFO] PluginManager:220 - loadIPPluginJar : add genericplugin
2024-09-17 15:00:00,754 [INFO] IPUIPlugin:80 - create IPUIPlugin
2024-09-17 15:00:00,754 [INFO] PluginManager:220 - loadIPPluginJar : add gfxmmu
2024-09-17 15:00:00,761 [INFO] IPUIPlugin:80 - create IPUIPlugin
2024-09-17 15:00:00,762 [INFO] PluginManager:220 - loadIPPluginJar : add gic
2024-09-17 15:00:00,770 [INFO] IPUIPlugin:80 - create IPUIPlugin
2024-09-17 15:00:00,770 [INFO] PluginManager:220 - loadIPPluginJar : add gpio
2024-09-17 15:00:00,775 [INFO] IPUIPlugin:80 - create IPUIPlugin
2024-09-17 15:00:00,776 [INFO] PluginManager:220 - loadIPPluginJar : add gtzc
2024-09-17 15:00:00,781 [INFO] IPUIPlugin:80 - create IPUIPlugin
2024-09-17 15:00:00,781 [INFO] PluginManager:220 - loadIPPluginJar : add hash
2024-09-17 15:00:00,786 [INFO] IPUIPlugin:80 - create IPUIPlugin
2024-09-17 15:00:00,786 [INFO] PluginManager:220 - loadIPPluginJar : add i2c
2024-09-17 15:00:00,792 [INFO] IPUIPlugin:80 - create IPUIPlugin
2024-09-17 15:00:00,792 [INFO] PluginManager:220 - loadIPPluginJar : add i2s
2024-09-17 15:00:00,798 [INFO] IPUIPlugin:80 - create IPUIPlugin
2024-09-17 15:00:00,799 [INFO] PluginManager:220 - loadIPPluginJar : add i3c
2024-09-17 15:00:00,805 [INFO] IPUIPlugin:80 - create IPUIPlugin
2024-09-17 15:00:00,806 [INFO] PluginManager:220 - loadIPPluginJar : add ipddr
2024-09-17 15:00:00,819 [INFO] IPUIPlugin:80 - create IPUIPlugin
2024-09-17 15:00:00,820 [INFO] PluginManager:220 - loadIPPluginJar : add linkedlist
2024-09-17 15:00:00,826 [INFO] IPUIPlugin:80 - create IPUIPlugin
2024-09-17 15:00:00,826 [INFO] PluginManager:220 - loadIPPluginJar : add lorawan
2024-09-17 15:00:00,829 [INFO] IPUIPlugin:80 - create IPUIPlugin
2024-09-17 15:00:00,831 [INFO] PluginManager:220 - loadIPPluginJar : add ltdc
2024-09-17 15:00:00,844 [INFO] IPUIPlugin:80 - create IPUIPlugin
2024-09-17 15:00:00,845 [INFO] PluginManager:220 - loadIPPluginJar : add mdma
2024-09-17 15:00:00,886 [INFO] IPUIPlugin:80 - create IPUIPlugin
2024-09-17 15:00:00,886 [INFO] PluginManager:220 - loadIPPluginJar : add nvic
2024-09-17 15:00:00,893 [INFO] IPUIPlugin:80 - create IPUIPlugin
2024-09-17 15:00:00,893 [INFO] PluginManager:220 - loadIPPluginJar : add opamp
2024-09-17 15:00:00,902 [INFO] IPUIPlugin:80 - create IPUIPlugin
2024-09-17 15:00:00,902 [INFO] PluginManager:220 - loadIPPluginJar : add openamp
2024-09-17 15:00:00,909 [INFO] IPUIPlugin:80 - create IPUIPlugin
2024-09-17 15:00:00,909 [INFO] PluginManager:220 - loadIPPluginJar : add pdm2pcm
2024-09-17 15:00:00,921 [INFO] IPUIPlugin:80 - create IPUIPlugin
2024-09-17 15:00:00,944 [INFO] PluginManager:220 - loadIPPluginJar : add plateformsettings
2024-09-17 15:00:00,948 [INFO] IPUIPlugin:80 - create IPUIPlugin
2024-09-17 15:00:00,948 [INFO] PluginManager:220 - loadIPPluginJar : add quadspi
2024-09-17 15:00:00,962 [INFO] IPUIPlugin:80 - create IPUIPlugin
2024-09-17 15:00:00,962 [INFO] PluginManager:220 - loadIPPluginJar : add resmgrutility
2024-09-17 15:00:00,970 [INFO] IPUIPlugin:80 - create IPUIPlugin
2024-09-17 15:00:00,970 [INFO] PluginManager:220 - loadIPPluginJar : add sai
2024-09-17 15:00:00,980 [INFO] IPUIPlugin:80 - create IPUIPlugin
2024-09-17 15:00:00,981 [INFO] PluginManager:220 - loadIPPluginJar : add spi
2024-09-17 15:00:00,991 [INFO] IPUIPlugin:80 - create IPUIPlugin
2024-09-17 15:00:00,992 [INFO] PluginManager:220 - loadIPPluginJar : add stm32_wpan
2024-09-17 15:00:00,996 [INFO] IPUIPlugin:80 - create IPUIPlugin
2024-09-17 15:00:00,996 [INFO] PluginManager:220 - loadIPPluginJar : add tim
2024-09-17 15:00:01,002 [INFO] IPUIPlugin:80 - create IPUIPlugin
2024-09-17 15:00:01,003 [INFO] PluginManager:220 - loadIPPluginJar : add touchsensing
2024-09-17 15:00:01,007 [INFO] IPUIPlugin:80 - create IPUIPlugin
2024-09-17 15:00:01,007 [INFO] PluginManager:220 - loadIPPluginJar : add tracer_emb
2024-09-17 15:00:01,011 [INFO] IPUIPlugin:80 - create IPUIPlugin
2024-09-17 15:00:01,011 [INFO] PluginManager:220 - loadIPPluginJar : add ts
2024-09-17 15:00:01,014 [INFO] IPUIPlugin:80 - create IPUIPlugin
2024-09-17 15:00:01,014 [INFO] PluginManager:220 - loadIPPluginJar : add tsc
2024-09-17 15:00:01,018 [INFO] IPUIPlugin:80 - create IPUIPlugin
2024-09-17 15:00:01,018 [INFO] PluginManager:220 - loadIPPluginJar : add ucpd
2024-09-17 15:00:01,024 [INFO] IPUIPlugin:80 - create IPUIPlugin
2024-09-17 15:00:01,024 [INFO] PluginManager:220 - loadIPPluginJar : add usart
2024-09-17 15:00:01,030 [INFO] IPUIPlugin:80 - create IPUIPlugin
2024-09-17 15:00:01,030 [INFO] PluginManager:220 - loadIPPluginJar : add usbx
2024-09-17 15:00:01,193 [INFO] CADModel:165 - CPN selected for project level
2024-09-17 15:00:01,193 [INFO] CADModel:114 - Register for checkConnection events
2024-09-17 15:00:01,194 [FATAL] Updater:308 - Updater called before beeing initialized
2024-09-17 15:00:01,194 [ERROR] CADModel:125 - Updater not yet initialized, retry later 
2024-09-17 15:00:01,446 [INFO] CADModel:165 - CPN selected for project level
2024-09-17 15:00:01,446 [INFO] CADModel:114 - Register for checkConnection events
2024-09-17 15:00:01,446 [FATAL] Updater:308 - Updater called before beeing initialized
2024-09-17 15:00:01,446 [ERROR] CADModel:125 - Updater not yet initialized, retry later 
2024-09-17 15:00:01,452 [FATAL] Updater:308 - Updater called before beeing initialized
2024-09-17 15:00:01,647 [FATAL] Updater:308 - Updater called before beeing initialized
2024-09-17 15:00:01,655 [INFO] DbMcusAds:53 - JSON generation date=Mon Sep 16 10:40:22 EDT 2024 (1726497622318)
2024-09-17 15:00:01,655 [FATAL] Updater:308 - Updater called before beeing initialized
2024-09-17 15:00:01,785 [WARN] DetailPanel:346 - Failed to get advertising image, set to default
2024-09-17 15:00:01,936 [FATAL] Updater:308 - Updater called before beeing initialized
2024-09-17 15:00:01,939 [FATAL] Updater:308 - Updater called before beeing initialized
2024-09-17 15:00:01,939 [FATAL] Updater:308 - Updater called before beeing initialized
2024-09-17 15:00:01,939 [WARN] DetailPanel:346 - Failed to get advertising image, set to default
2024-09-17 15:00:01,940 [FATAL] Updater:308 - Updater called before beeing initialized
2024-09-17 15:00:02,024 [ERROR] Updater:1120 - MainUpdater not yet initialized. External WinMGr cannot be set.
2024-09-17 15:00:02,028 [INFO] Updater:1056 - Updater Version found : 6.11.1
2024-09-17 15:00:02,063 [INFO] ApplicationProperties:184 - Using Application install path: C:\ST\STM32CubeIDE_1.15.1\STM32CubeIDE\plugins\com.st.stm32cube.common.mx_6.11.1.202404110753
2024-09-17 15:00:02,582 [INFO] MainUpdater:2873 - connection check result : 10
2024-09-17 15:00:02,584 [INFO] MainUpdater:290 - Updater Check For Update Now.
2024-09-17 15:00:02,584 [INFO] MicroXplorer:498 - Change Database Version : DB.6.0.111
2024-09-17 15:00:02,602 [INFO] McuFinderGlobals:63 - Set McuFinder mode to 2 (CubeIDE integrated)
2024-09-17 15:00:02,621 [INFO] UserAuth:415 - Internet connection configuration mode: 1
2024-09-17 15:00:02,670 [INFO] JxBrowserEngine:152 - Initiate JxBrowser Engine with user profile folder
2024-09-17 15:00:02,788 [WARN] MainUpdater:1194 - Updater busy. Cannot search thirdparties
2024-09-17 15:00:02,788 [INFO] ThirdPartyUpdaterWithRetryManager:96 - Updater plugin is busy. [1/15]
2024-09-17 15:00:02,881 [INFO] CheckServerUpdateThread:120 - End of CheckServer Thread
2024-09-17 15:00:04,504 [INFO] WebApp:161 - Instantiating new browser for Auth
2024-09-17 15:00:05,665 [INFO] WebApp:779 - Register for checkConnection events
2024-09-17 15:00:05,665 [INFO] WebApp:414 - Apply proxy settings
2024-09-17 15:00:05,665 [INFO] WebApp:499 - Chromium requires no authentication
2024-09-17 15:00:05,680 [INFO] WebApp:442 - Direct internet connection detected
2024-09-17 15:00:06,152 [INFO] WebApp:192 - Starting web application
2024-09-17 15:00:06,153 [INFO] WebApp:544 - Web application path used C:\ST\STM32CubeIDE_1.15.1\STM32CubeIDE\plugins\com.st.stm32cube.common.mx_6.11.1.202404110753\db\plugins\mcufinder\reactClient1\index.html
2024-09-17 15:00:06,255 [WARN] PackLoader:240 - Cannot read IP mode file for STMicroelectronics.FP-SNS-MOTENVWB1.1.4.0
2024-09-17 15:00:06,278 [WARN] PackLoader:240 - Cannot read IP mode file for STMicroelectronics.X-CUBE-SMBUS.2.1.0
2024-09-17 15:00:06,286 [WARN] PackLoader:240 - Cannot read IP mode file for STMicroelectronics.X-CUBE-TOUCHGFX.4.23.2
2024-09-17 15:00:06,373 [WARN] PackLoader:240 - Cannot read IP mode file for STMicroelectronics.X-CUBE-AZRTOS-F7.1.1.0
2024-09-17 15:00:06,620 [WARN] PackLoader:240 - Cannot read IP mode file for STMicroelectronics.X-CUBE-MEMS1.11.0.0
2024-09-17 15:00:07,030 [WARN] PackLoader:240 - Cannot read IP mode file for STMicroelectronics.FP-SNS-FLIGHT1.5.0.2
2024-09-17 15:00:07,041 [WARN] PackLoader:240 - Cannot read IP mode file for STMicroelectronics.X-CUBE-DISPLAY.3.0.0
2024-09-17 15:00:07,063 [WARN] PackLoader:240 - Cannot read IP mode file for STMicroelectronics.X-CUBE-BLE1.7.0.0
2024-09-17 15:00:07,071 [WARN] PackLoader:240 - Cannot read IP mode file for emotas.I-CUBE-CANOPEN.1.3.0
2024-09-17 15:00:07,089 [WARN] PackLoader:240 - Cannot read IP mode file for STMicroelectronics.X-CUBE-BLEMGR.3.1.0
2024-09-17 15:00:07,115 [WARN] PackLoader:240 - Cannot read IP mode file for STMicroelectronics.FP-SNS-SMARTAG2.1.2.0
2024-09-17 15:00:07,130 [INFO] LogOutputStream:77 - [STDOUT_REDIRECT] 1 : Invalid condition id : UX_CORESTACK_Condition cause : null
2024-09-17 15:00:07,131 [INFO] LogOutputStream:77 - [STDOUT_REDIRECT] 1 : Invalid condition id : UX_CORESTACK_Condition cause : null
2024-09-17 15:00:07,134 [INFO] LogOutputStream:77 - [STDOUT_REDIRECT] 1 : Invalid condition id : UX_CORESTACK_Condition cause : null
2024-09-17 15:00:07,137 [INFO] LogOutputStream:77 - [STDOUT_REDIRECT] 1 : Invalid condition id : UX_CORESTACK_Condition cause : null
2024-09-17 15:00:07,139 [INFO] LogOutputStream:77 - [STDOUT_REDIRECT] 1 : Invalid condition id : UX_CORESTACK_Condition cause : null
2024-09-17 15:00:07,145 [WARN] PackLoader:240 - Cannot read IP mode file for STMicroelectronics.X-CUBE-AZRTOS-WL.2.0.0
2024-09-17 15:00:07,152 [WARN] PackLoader:240 - Cannot read IP mode file for STMicroelectronics.FP-SNS-MOTENV1.5.0.0
2024-09-17 15:00:07,161 [WARN] PackLoader:240 - Cannot read IP mode file for wolfSSL.I-CUBE-wolfMQTT.1.19.0
2024-09-17 15:00:07,173 [WARN] PackLoader:240 - Cannot read IP mode file for WES.I-CUBE-Cesium.1.3.0
2024-09-17 15:00:07,181 [WARN] PackLoader:240 - Cannot read IP mode file for STMicroelectronics.X-CUBE-BLE2.3.3.0
2024-09-17 15:00:07,193 [WARN] PackLoader:240 - Cannot read IP mode file for STMicroelectronics.X-CUBE-TCPP.4.1.0
2024-09-17 15:00:07,230 [WARN] PackLoader:240 - Cannot read IP mode file for STMicroelectronics.X-CUBE-AZRTOS-G0.1.1.0
2024-09-17 15:00:07,255 [WARN] PackLoader:240 - Cannot read IP mode file for STMicroelectronics.X-CUBE-SAFEA1.1.2.2
2024-09-17 15:00:07,264 [WARN] PackLoader:240 - Cannot read IP mode file for STMicroelectronics.X-CUBE-NFC4.3.0.0
2024-09-17 15:00:07,269 [WARN] PackLoader:240 - Cannot read IP mode file for wolfSSL.I-CUBE-wolfMQTT.1.18.0
2024-09-17 15:00:07,290 [WARN] PackLoader:240 - Cannot read IP mode file for EmbeddedOffice.I-CUBE-FS-RTOS.1.0.1
2024-09-17 15:00:07,291 [ERROR] ConditionMgr:805 - Attr not supported : Dmpu
2024-09-17 15:00:07,291 [ERROR] ConditionMgr:805 - Attr not supported : Dmpu
2024-09-17 15:00:07,291 [ERROR] ConditionMgr:805 - Attr not supported : Dmpu
2024-09-17 15:00:07,291 [ERROR] ConditionMgr:805 - Attr not supported : Dmpu
2024-09-17 15:00:07,292 [ERROR] ConditionMgr:805 - Attr not supported : Dmpu
2024-09-17 15:00:07,292 [ERROR] ConditionMgr:805 - Attr not supported : Dmpu
2024-09-17 15:00:07,292 [ERROR] ConditionMgr:805 - Attr not supported : Dmpu
2024-09-17 15:00:07,292 [ERROR] ConditionMgr:805 - Attr not supported : Dmpu
2024-09-17 15:00:07,292 [ERROR] ConditionMgr:805 - Attr not supported : Dmpu
2024-09-17 15:00:07,292 [ERROR] ConditionMgr:805 - Attr not supported : Dmpu
2024-09-17 15:00:07,292 [ERROR] ConditionMgr:805 - Attr not supported : Dmpu
2024-09-17 15:00:07,292 [ERROR] ConditionMgr:805 - Attr not supported : Dmpu
2024-09-17 15:00:07,293 [ERROR] ConditionMgr:805 - Attr not supported : Dmpu
2024-09-17 15:00:07,293 [ERROR] ConditionMgr:805 - Attr not supported : Dmpu
2024-09-17 15:00:07,293 [ERROR] ConditionMgr:805 - Attr not supported : Dmpu
2024-09-17 15:00:07,293 [ERROR] ConditionMgr:805 - Attr not supported : Dmpu
2024-09-17 15:00:07,293 [ERROR] ConditionMgr:805 - Attr not supported : Dmpu
2024-09-17 15:00:07,293 [ERROR] ConditionMgr:805 - Attr not supported : Dmpu
2024-09-17 15:00:07,293 [ERROR] ConditionMgr:805 - Attr not supported : Dmpu
2024-09-17 15:00:07,293 [ERROR] ConditionMgr:805 - Attr not supported : Dmpu
2024-09-17 15:00:07,293 [ERROR] ConditionMgr:805 - Attr not supported : Dmpu
2024-09-17 15:00:07,294 [ERROR] ConditionMgr:805 - Attr not supported : Dmpu
2024-09-17 15:00:07,294 [ERROR] ConditionMgr:805 - Attr not supported : Dmpu
2024-09-17 15:00:07,294 [ERROR] ConditionMgr:805 - Attr not supported : Dmpu
2024-09-17 15:00:07,294 [ERROR] ConditionMgr:805 - Attr not supported : Dmpu
2024-09-17 15:00:07,294 [ERROR] ConditionMgr:805 - Attr not supported : Dmpu
2024-09-17 15:00:07,294 [ERROR] ConditionMgr:805 - Attr not supported : Dmpu
2024-09-17 15:00:07,294 [ERROR] ConditionMgr:805 - Attr not supported : Dmpu
2024-09-17 15:00:07,294 [ERROR] ConditionMgr:805 - Attr not supported : Dmpu
2024-09-17 15:00:07,295 [ERROR] ConditionMgr:805 - Attr not supported : Dmpu
2024-09-17 15:00:07,295 [ERROR] ConditionMgr:805 - Attr not supported : Dmpu
2024-09-17 15:00:07,295 [ERROR] ConditionMgr:805 - Attr not supported : Dmpu
2024-09-17 15:00:07,295 [ERROR] ConditionMgr:805 - Attr not supported : Dmpu
2024-09-17 15:00:07,295 [ERROR] ConditionMgr:805 - Attr not supported : Dmpu
2024-09-17 15:00:07,295 [ERROR] ConditionMgr:805 - Attr not supported : Dmpu
2024-09-17 15:00:07,295 [ERROR] ConditionMgr:805 - Attr not supported : Dmpu
2024-09-17 15:00:07,296 [ERROR] ConditionMgr:805 - Attr not supported : Dmpu
2024-09-17 15:00:07,296 [ERROR] ConditionMgr:805 - Attr not supported : Dmpu
2024-09-17 15:00:07,296 [ERROR] ConditionMgr:805 - Attr not supported : Dmpu
2024-09-17 15:00:07,296 [ERROR] ConditionMgr:805 - Attr not supported : Dmpu
2024-09-17 15:00:07,296 [ERROR] ConditionMgr:805 - Attr not supported : Dmpu
2024-09-17 15:00:07,296 [ERROR] ConditionMgr:805 - Attr not supported : Dmpu
2024-09-17 15:00:07,296 [ERROR] ConditionMgr:805 - Attr not supported : Dmpu
2024-09-17 15:00:07,297 [ERROR] ConditionMgr:805 - Attr not supported : Dmpu
2024-09-17 15:00:07,297 [ERROR] ConditionMgr:805 - Attr not supported : Dmpu
2024-09-17 15:00:07,297 [ERROR] ConditionMgr:805 - Attr not supported : Dmpu
2024-09-17 15:00:07,297 [ERROR] ConditionMgr:805 - Attr not supported : Dmpu
2024-09-17 15:00:07,297 [ERROR] ConditionMgr:805 - Attr not supported : Dmpu
2024-09-17 15:00:07,297 [ERROR] ConditionMgr:805 - Attr not supported : Dmpu
2024-09-17 15:00:07,297 [ERROR] ConditionMgr:805 - Attr not supported : Dmpu
2024-09-17 15:00:07,297 [ERROR] ConditionMgr:805 - Attr not supported : Dmpu
2024-09-17 15:00:07,298 [ERROR] ConditionMgr:805 - Attr not supported : Dmpu
2024-09-17 15:00:07,298 [ERROR] ConditionMgr:805 - Attr not supported : Dmpu
2024-09-17 15:00:07,298 [ERROR] ConditionMgr:805 - Attr not supported : Dmpu
2024-09-17 15:00:07,298 [ERROR] ConditionMgr:805 - Attr not supported : Dmpu
2024-09-17 15:00:07,298 [ERROR] ConditionMgr:805 - Attr not supported : Dmpu
2024-09-17 15:00:07,298 [ERROR] ConditionMgr:805 - Attr not supported : Dmpu
2024-09-17 15:00:07,298 [ERROR] ConditionMgr:805 - Attr not supported : Dmpu
2024-09-17 15:00:07,298 [ERROR] ConditionMgr:805 - Attr not supported : Dmpu
2024-09-17 15:00:07,299 [ERROR] ConditionMgr:805 - Attr not supported : Dmpu
2024-09-17 15:00:07,299 [ERROR] ConditionMgr:805 - Attr not supported : Dmpu
2024-09-17 15:00:07,299 [ERROR] ConditionMgr:805 - Attr not supported : Dmpu
2024-09-17 15:00:07,299 [ERROR] ConditionMgr:805 - Attr not supported : Dmpu
2024-09-17 15:00:07,299 [ERROR] ConditionMgr:805 - Attr not supported : Dmpu
2024-09-17 15:00:07,307 [WARN] PackLoader:240 - Cannot read IP mode file for RealThread.X-CUBE-RT-Thread_Nano.4.1.1
2024-09-17 15:00:07,314 [WARN] PackLoader:240 - Cannot read IP mode file for wolfSSL.I-CUBE-wolfSSL.5.7.0
2024-09-17 15:00:07,321 [WARN] PackLoader:240 - Cannot read IP mode file for STMicroelectronics.FP-ATR-SIGFOX1.3.2.0
2024-09-17 15:00:07,338 [WARN] PackLoader:240 - Cannot read IP mode file for STMicroelectronics.X-CUBE-EEPRMA1.5.1.0
2024-09-17 15:00:07,364 [WARN] PackLoader:240 - Cannot read IP mode file for ITTIA_DB.I-CUBE-ITTIADB.8.9.0
2024-09-17 15:00:07,423 [WARN] PackLoader:240 - Cannot read IP mode file for SEGGER.I-CUBE-embOS.1.3.1
2024-09-17 15:00:07,516 [WARN] PackLoader:240 - Cannot read IP mode file for STMicroelectronics.X-CUBE-ALGOBUILD.1.4.0
2024-09-17 15:00:07,528 [WARN] PackLoader:240 - Cannot read IP mode file for STMicroelectronics.X-CUBE-GNSS1.6.0.0
2024-09-17 15:00:07,568 [WARN] PackLoader:240 - Cannot read IP mode file for STMicroelectronics.X-CUBE-AZRTOS-F4.1.1.0
2024-09-17 15:00:07,584 [WARN] PackLoader:240 - Cannot read IP mode file for STMicroelectronics.X-CUBE-ISPU.2.1.0
2024-09-17 15:00:07,596 [WARN] PackLoader:240 - Cannot read IP mode file for STMicroelectronics.X-CUBE-FREERTOS.1.2.0
2024-09-17 15:00:07,654 [WARN] PackLoader:240 - Cannot read IP mode file for STMicroelectronics.X-CUBE-AZRTOS-L5.2.0.0
2024-09-17 15:00:07,682 [WARN] PackLoader:240 - Cannot read IP mode file for STMicroelectronics.X-CUBE-NFC6.3.1.0
2024-09-17 15:00:07,693 [WARN] PackLoader:240 - Cannot read IP mode file for STMicroelectronics.X-CUBE-DPower.1.2.0
2024-09-17 15:00:07,701 [WARN] PackLoader:240 - Cannot read IP mode file for STMicroelectronics.X-CUBE-AI.9.0.0
2024-09-17 15:00:07,711 [WARN] PackLoader:240 - Cannot read IP mode file for STMicroelectronics.X-CUBE-NFC7.1.0.1
2024-09-17 15:00:07,719 [WARN] PackLoader:240 - Cannot read IP mode file for wolfSSL.I-CUBE-wolfTPM.3.2.0
2024-09-17 15:00:07,781 [WARN] ConditionMgr:438 - getConditionDescription Invalid condition id : LAN8742 Phy interface Condition cause : null
2024-09-17 15:00:07,782 [WARN] PackLoader:240 - Cannot read IP mode file for STMicroelectronics.X-CUBE-AZRTOS-L4.2.0.0
2024-09-17 15:00:07,784 [WARN] ConditionMgr:1039 - genDependencies : Invalid condition id : LAN8742 Phy interface Condition cause : null
2024-09-17 15:00:07,784 [WARN] ConditionMgr:1039 - genDependencies : Invalid condition id : LAN8742 Phy interface Condition cause : null
2024-09-17 15:00:07,785 [WARN] ConditionMgr:1039 - genDependencies : Invalid condition id : LAN8742 Phy interface Condition cause : null
2024-09-17 15:00:07,801 [WARN] PackLoader:240 - Cannot read IP mode file for STMicroelectronics.X-CUBE-SFXS2LP1.4.0.0
2024-09-17 15:00:07,842 [WARN] PackLoader:240 - Cannot read IP mode file for STMicroelectronics.X-CUBE-AZRTOS-H7.3.3.0
2024-09-17 15:00:07,872 [WARN] ConditionMgr:438 - getConditionDescription Invalid condition id : UX DEVICE CLASS RTOS Condition cause : null
2024-09-17 15:00:07,872 [WARN] ConditionMgr:438 - getConditionDescription Invalid condition id : UX DEVICE CLASS RTOS Condition cause : null
2024-09-17 15:00:07,877 [WARN] PackLoader:240 - Cannot read IP mode file for STMicroelectronics.X-CUBE-AZRTOS-WB.2.0.0
2024-09-17 15:00:07,878 [WARN] ConditionMgr:1039 - genDependencies : Invalid condition id : UX DEVICE CLASS RTOS Condition cause : null
2024-09-17 15:00:07,878 [WARN] ConditionMgr:1039 - genDependencies : Invalid condition id : UX DEVICE CLASS RTOS Condition cause : null
2024-09-17 15:00:07,878 [WARN] ConditionMgr:1039 - genDependencies : Invalid condition id : UX DEVICE CLASS RTOS Condition cause : null
2024-09-17 15:00:07,879 [WARN] ConditionMgr:1039 - genDependencies : Invalid condition id : UX DEVICE CLASS RTOS Condition cause : null
2024-09-17 15:00:07,879 [WARN] ConditionMgr:1039 - genDependencies : Invalid condition id : UX DEVICE CLASS RTOS Condition cause : null
2024-09-17 15:00:07,916 [WARN] PackLoader:240 - Cannot read IP mode file for STMicroelectronics.X-CUBE-GNSS1.7.0.0
2024-09-17 15:00:07,929 [WARN] PackLoader:240 - Cannot read IP mode file for STMicroelectronics.FP-SNS-STBOX1.2.0.0
2024-09-17 15:00:07,952 [WARN] PackLoader:240 - Cannot read IP mode file for STMicroelectronics.X-CUBE-SUBG2.5.0.0
2024-09-17 15:00:07,968 [WARN] PackLoader:240 - Cannot read IP mode file for Cesanta.I-CUBE-Mongoose.7.13.0
2024-09-17 15:00:07,998 [WARN] PackLoader:240 - Cannot read IP mode file for STMicroelectronics.X-CUBE-AZRTOS-G4.2.0.0
2024-09-17 15:00:08,006 [WARN] PackLoader:240 - Cannot read IP mode file for STMicroelectronics.X-CUBE-ISPU.2.0.0
2024-09-17 15:00:08,018 [WARN] PackLoader:240 - Cannot read IP mode file for STMicroelectronics.X-CUBE-ALS.1.0.2
2024-09-17 15:00:08,124 [WARN] PackLoader:240 - Cannot read IP mode file for STMicroelectronics.X-CUBE-MEMS1.10.0.0
2024-09-17 15:00:08,385 [WARN] PackLoader:240 - Cannot read IP mode file for STMicroelectronics.X-CUBE-TOUCHGFX.4.24.0
2024-09-17 15:00:08,397 [WARN] PackLoader:240 - Cannot read IP mode file for portGmbH.I-Cube-SoM-uGOAL.1.1.0
2024-09-17 15:00:08,403 [WARN] PackLoader:240 - Cannot read IP mode file for STMicroelectronics.X-CUBE-ALS.1.0.1
2024-09-17 15:00:08,454 [WARN] PackLoader:240 - Cannot read IP mode file for STMicroelectronics.X-CUBE-AZRTOS-H7RS.1.0.0
2024-09-17 15:00:08,468 [WARN] PackLoader:240 - Cannot read IP mode file for STMicroelectronics.FP-ATR-ASTRA1.2.0.0
2024-09-17 15:00:08,485 [WARN] PackLoader:240 - Cannot read IP mode file for STMicroelectronics.X-CUBE-TOF1.3.4.2
2024-09-17 15:00:08,534 [WARN] PackLoader:240 - Cannot read IP mode file for STMicroelectronics.X-CUBE-TOF1.3.4.1
2024-09-17 15:00:08,619 [WARN] PackLoader:240 - Cannot read IP mode file for STMicroelectronics.X-CUBE-AZRTOS-H7.3.2.0
2024-09-17 15:00:08,661 [WARN] PackLoader:240 - Cannot read IP mode file for Infineon.AIROC-Wi-Fi-Bluetooth-STM32.1.6.0
2024-09-17 15:00:08,681 [WARN] PackLoader:240 - Cannot read IP mode file for wolfSSL.I-CUBE-wolfSSH.1.4.17
2024-09-17 15:00:08,682 [INFO] ThirdParty:978 - Integrity check success = true
2024-09-17 15:00:08,682 [INFO] IntegrityCheckThread:100 - exiting critical section [integrity check]
2024-09-17 15:00:08,682 [INFO] IntegrityCheckThread:103 - End integrity checks thread
2024-09-17 15:02:17,980 [INFO] McuFinderGlobals:63 - Set McuFinder mode to 2 (CubeIDE integrated)
2024-09-17 15:02:17,986 [INFO] MainUpdater:2873 - connection check result : 10
2024-09-17 15:02:17,990 [INFO] McuFinderGlobals:76 - Set McuFinderConnectedMode to true
2024-09-17 15:02:18,397 [INFO] ServerAccessManage:473 - Download File mcusAds.json._tmp_
2024-09-17 15:02:18,553 [INFO] LoadUrlFilesThread:156 - End of LoadUrlFiles Thread
2024-09-17 15:02:18,855 [INFO] ServerAccessManage:473 - Download File cube-finder-db.zip
2024-09-17 15:02:20,664 [INFO] FileExtend:240 - Unzip File : cube-finder-db.zip
2024-09-17 15:02:20,666 [INFO] FileExtend:255 - Standard Zip Deflate
2024-09-17 15:02:21,806 [INFO] LoadUrlFilesThread:156 - End of LoadUrlFiles Thread
2024-09-17 15:02:22,594 [INFO] ServerAccessManage:473 - Download File crdb.zip
2024-09-17 15:02:23,424 [INFO] FileExtend:240 - Unzip File : crdb.zip
2024-09-17 15:02:23,424 [INFO] FileExtend:255 - Standard Zip Deflate
2024-09-17 15:02:23,624 [INFO] LoadUrlFilesThread:156 - End of LoadUrlFiles Thread
2024-09-17 15:02:23,834 [INFO] ServerAccessManage:473 - Download File tutoVideoDB.zip
2024-09-17 15:02:23,851 [INFO] FileExtend:240 - Unzip File : tutoVideoDB.zip
2024-09-17 15:02:23,851 [INFO] FileExtend:255 - Standard Zip Deflate
2024-09-17 15:02:23,962 [INFO] LoadUrlFilesThread:156 - End of LoadUrlFiles Thread
2024-09-17 15:02:23,967 [WARN] DbFile:41 - Overriding database path with different value: C:\Users\tommy\.stmcufinder\plugins\mcufinder/ => C:\Users\tommy\.stmcufinder\plugins\mcufinder
2024-09-17 15:02:24,061 [INFO] ServerAccessManage:473 - Download File api_config.json
2024-09-17 15:02:24,195 [INFO] LoadUrlFilesThread:156 - End of LoadUrlFiles Thread
2024-09-17 15:02:24,201 [INFO] DbMcusAds:53 - JSON generation date=Mon Sep 16 10:40:22 EDT 2024 (1726497622318)
2024-09-17 15:02:24,253 [INFO] LoadUrlFilesThread:185 - End of LoadServerUrlFiles without Thread
2024-09-17 15:02:24,254 [INFO] TargetSelectorAdapter:259 - Refresh data is successful
2024-09-17 15:02:24,622 [INFO] ApiDb:581 - Connected to CubeFinder SQLite database (C:\Users\tommy\.stmcufinder\plugins\mcufinder\mcu\cube-finder-db.db)
2024-09-17 15:02:24,723 [INFO] ApiDb:668 - CubeFinder database Data Model version=2.1
2024-09-17 15:02:24,723 [INFO] ApiDb:669 - CubeFinder database Configuration version=3.0.39
2024-09-17 15:02:24,723 [INFO] ApiDb:670 - CubeFinder database generation date=2024-08-06 (1722941618)
2024-09-17 15:02:24,723 [INFO] ApiDb:671 - CubeFinder database FW Pack versions=[FP-ATR-ASTRA1_V2.0.0, FP-SNS-FLIGHT1_V5.0.2, FP-SNS-MOTENV1_V5.0.0, FP-SNS-MOTENVWB1_V1.4.0, FP-SNS-SMARTAG2_V1.2.0, FP-SNS-STBOX1_V2.0.0, STM32Cube_FW_C0_V1.2.0, STM32Cube_FW_F4_V1.28.0, STM32Cube_FW_F7_V1.17.2, STM32Cube_FW_G0_V1.6.2, STM32Cube_FW_G4_V1.6.0, STM32Cube_FW_H5_V1.3.0, STM32Cube_FW_H7RS_V1.1.0, STM32Cube_FW_H7_V1.11.2, STM32Cube_FW_L0_V1.12.2, STM32Cube_FW_L5_V1.5.1, STM32Cube_FW_U0_V1.1.0, STM32Cube_FW_U5_V1.6.0, STM32Cube_FW_WB0_V1.0.0, STM32Cube_FW_WBA_V1.4.1, STM32Cube_FW_WB_V1.20.0, STM32Cube_FW_WL_V1.3.0, X-CUBE-ALGOBUILD_V1.4.0, X-CUBE-ALS_V1.0.2, X-CUBE-AZRTOS-F4_V1.1.0, X-CUBE-AZRTOS-F7_V1.1.0, X-CUBE-AZRTOS-G0_V1.1.0, X-CUBE-AZRTOS-G4_V2.0.0, X-CUBE-AZRTOS-H7RS_V1.0.0, X-CUBE-AZRTOS-H7_V3.2.0, X-CUBE-AZRTOS-L4_V2.0.0, X-CUBE-AZRTOS-L5_V1.1.0, X-CUBE-AZRTOS-WB_V2.0.0, X-CUBE-AZRTOS-WL_V2.0.0, X-CUBE-BLE1_V7.0.0, X-CUBE-BLE2_V3.3.0, X-CUBE-BLEMGR_V3.1.0, X-CUBE-EEPRMA1_V5.1.0, X-CUBE-FREERTOS_V1.2.0, X-CUBE-GNSS1_V6.0.0, X-CUBE-MEMS1_V10.0.0, X-CUBE-NFC4_V3.0.0, X-CUBE-NFC7_V1.0.1, X-CUBE-SFXS2LP1_V4.0.0, X-CUBE-SUBG2_V5.0.0, X-CUBE-TOF1_V3.4.2]
2024-09-17 15:02:27,218 [INFO] ApiDb:240 - Found 483 in-development CPN: [B-G473E-ZEST1S, B-WB1M-WPAN1, B-WL5M-SUBG1, NUCLEO-C031C6, NUCLEO-H503RB, NUCLEO-H533RE, NUCLEO-H563ZI, NUCLEO-H7S3L8, NUCLEO-U031R8, NUCLEO-U083RC, NUCLEO-U545RE-Q, NUCLEO-U5A5ZJ-Q, NUCLEO-WBA52CG, NUCLEO-WBA55CG, STEVAL-PROTEUS1, STEVAL-SMARTAG2, STEVAL-STWINBX1, STM320518-EVAL, STM32C0116-DK, STM32C011D6Y3TR, STM32C011D6Y6TR, STM32C011F4P3, STM32C011F4P6, STM32C011F4U3, STM32C011F4U6TR, STM32C011F6P3, STM32C011F6P6, STM32C011F6U3, STM32C011F6U6TR, STM32C011J4M3, STM32C011J4M6, STM32C011J6M3, STM32C011J6M6, STM32C0316-DK, STM32C031C4T3, STM32C031C4T6, STM32C031C4U3, STM32C031C4U6, STM32C031C6T3, STM32C031C6T6, STM32C031C6U3, STM32C031C6U6, STM32C031F4P3, STM32C031F4P6, STM32C031F6P3, STM32C031F6P6, STM32C031G4U3, STM32C031G4U6, STM32C031G6U3, STM32C031G6U6, STM32C031K4T3, STM32C031K4T6, STM32C031K4U3, STM32C031K4U6, STM32C031K6T3, STM32C031K6T6, STM32C031K6U3, STM32C031K6U6, STM32G071K8TXN, STM32G071K8UXN, STM32G081GBU6N, STM32G081KBT6N, STM32G081KBUXN, STM32G0B1CCT6N, STM32G0B1KCT6, STM32G0B1NEY6TR, STM32G0B1RCT6N, STM32G0C1CCT6, STM32G0C1CCT6N, STM32G0C1CCU6N, STM32G0C1CET6N, STM32G0C1CEU6N, STM32G0C1KCT6, STM32G0C1NEY6TR, STM32G0C1RCI6N, STM32G0C1RCT6N, STM32G0C1REI6N, STM32G0C1RET6N, STM32G0C1VCI6, STM32G0C1VEI6, STM32G471CCT6, STM32G471CCU6, STM32G471CET3, STM32G471CET6, STM32G471CEU3, STM32G471CEU6, STM32G471MCT6, STM32G471MET3, STM32G471MET6, STM32G471MEY6TR, STM32G471QCT6, STM32G471QET3, STM32G471RCT6, STM32G471RET3, STM32G471RET6, STM32G471VCH6, STM32G471VCI6, STM32G471VCT6, STM32G471VEH3, STM32G471VEH6, STM32G471VEI3, STM32G471VEI6, STM32G471VET3, STM32G471VET6, STM32G474CCT6, STM32H503CBT6, STM32H503CBU6, STM32H503EBY6TR, STM32H503KBU6, STM32H503RBT6, STM32H523CCT6, STM32H523CCU6, STM32H523CET6, STM32H523CEU6, STM32H523HEY6TR, STM32H523RCT6, STM32H523RET6, STM32H523VCI6, STM32H523VCT6, STM32H523VEI6, STM32H523VET6, STM32H523ZCJ6, STM32H523ZCT6, STM32H523ZEJ6, STM32H523ZET6, STM32H533CET6, STM32H533CEU6, STM32H533HEY6TR, STM32H533RET6, STM32H533VEI6, STM32H533VET6, STM32H533ZEJ6, STM32H533ZET6, STM32H562AGI6, STM32H562AII6, STM32H562IGK6, STM32H562IGT6, STM32H562IIK6, STM32H562IIT6, STM32H562RGT6, STM32H562RGV6, STM32H562RIT6, STM32H562RIV6, STM32H562VGT6, STM32H562VIT6, STM32H562ZGT6, STM32H562ZIT6, STM32H563AGI6, STM32H563AII3Q, STM32H563AII6, STM32H563IGK6, STM32H563IGT6, STM32H563IIK3Q, STM32H563IIK6, STM32H563IIT3Q, STM32H563IIT6, STM32H563MIY3QTR, STM32H563RGT6, STM32H563RGV6, STM32H563RIT6, STM32H563RIV6, STM32H563VGT6, STM32H563VIT3Q, STM32H563VIT6, STM32H563ZGT6, STM32H563ZIT3Q, STM32H563ZIT6, STM32H573AII3Q, STM32H573AII6, STM32H573I-DK, STM32H573IIK3Q, STM32H573IIK6, STM32H573IIT3Q, STM32H573IIT6, STM32H573MIY3QTR, STM32H573RIT6, STM32H573RIV6, STM32H573VIT3Q, STM32H573VIT6, STM32H573ZIT3Q, STM32H573ZIT6, STM32H7R3A8I6, STM32H7R3I8K6, STM32H7R3I8T6, STM32H7R3L8H6, STM32H7R3L8H6H, STM32H7R3R8V6, STM32H7R3V8H6, STM32H7R3V8T6, STM32H7R3V8Y6, STM32H7R3Z8J6, STM32H7R3Z8T6, STM32H7R7A8I6, STM32H7R7I8K6, STM32H7R7I8T6, STM32H7R7L8H6, STM32H7R7L8H6H, STM32H7R7Z8J6, STM32H7S3A8I6, STM32H7S3I8K6, STM32H7S3I8T6, STM32H7S3L8H6, STM32H7S3L8H6H, STM32H7S3R8V6, STM32H7S3V8H6, STM32H7S3V8T6, STM32H7S3V8Y6, STM32H7S3Z8J6, STM32H7S3Z8T6, STM32H7S78-DK, STM32H7S7A8I6, STM32H7S7I8K6, STM32H7S7I8T6, STM32H7S7L8H6, STM32H7S7L8H6H, STM32H7S7Z8J6, STM32L4R5QGI6STR, STM32MP131AAE3, STM32MP131AAF3, STM32MP131AAG3, STM32MP131CAE3, STM32MP131CAF3, STM32MP131CAG3, STM32MP131DAE7, STM32MP131DAF7, STM32MP131DAG7, STM32MP131FAE7, STM32MP131FAF7, STM32MP131FAG7, STM32MP133AAE3, STM32MP133AAF3, STM32MP133AAG3, STM32MP133CAE3, STM32MP133CAF3, STM32MP133CAG3, STM32MP133DAE7, STM32MP133DAF7, STM32MP133DAG7, STM32MP133FAE7, STM32MP133FAF7, STM32MP133FAG7, STM32MP135AAE3, STM32MP135AAF3, STM32MP135AAG3, STM32MP135CAE3, STM32MP135CAF3, STM32MP135CAG3, STM32MP135DAE7, STM32MP135DAF7, STM32MP135DAG7, STM32MP135F-DK, STM32MP135FAE7, STM32MP135FAF7, STM32MP135FAF7T, STM32MP135FAF7U, STM32MP135FAG7, STM32U031C6T6, STM32U031C6U6, STM32U031C8T6, STM32U031C8U6, STM32U031F4P6, STM32U031F6P6, STM32U031F8P6, STM32U031G6Y6TR, STM32U031G8Y6TR, STM32U031K4U6, STM32U031K6U6, STM32U031K8U6, STM32U031R6I6, STM32U031R6T6, STM32U031R8I6, STM32U031R8T6, STM32U073C8T6, STM32U073C8U6, STM32U073CBT6, STM32U073CBU6, STM32U073CCT6, STM32U073CCU6, STM32U073H8Y6TR, STM32U073HBY6TR, STM32U073HCY6TR, STM32U073K8U6, STM32U073KBU6, STM32U073KCU6, STM32U073M8I6, STM32U073M8T6, STM32U073MBI6, STM32U073MBT6, STM32U073MCI6, STM32U073MCT6, STM32U073R8I6, STM32U073R8T6, STM32U073RBI6, STM32U073RBT6, STM32U073RCI6, STM32U073RCT6, STM32U083C-DK, STM32U083CCT6, STM32U083CCU6, STM32U083HCY6TR, STM32U083KCU6, STM32U083MCI6, STM32U083MCT6, STM32U083RCI6, STM32U083RCT6, STM32U535CBT6, STM32U535CBT6Q, STM32U535CBU6, STM32U535CBU6Q, STM32U535CCT6, STM32U535CCT6Q, STM32U535CCU6, STM32U535CCU6Q, STM32U535CET6, STM32U535CET6Q, STM32U535CEU6, STM32U535CEU6Q, STM32U535JEY6QTR, STM32U535NCY6QTR, STM32U535NEY6QTR, STM32U535RBI6, STM32U535RBI6Q, STM32U535RBT6, STM32U535RBT6Q, STM32U535RCI6, STM32U535RCI6Q, STM32U535RCT6, STM32U535RCT6Q, STM32U535REI6, STM32U535REI6Q, STM32U535RET6, STM32U535RET6Q, STM32U535VCI6, STM32U535VCI6Q, STM32U535VCT6, STM32U535VCT6Q, STM32U535VEI6, STM32U535VEI6Q, STM32U535VET6, STM32U535VET6Q, STM32U545CET6, STM32U545CET6Q, STM32U545CEU6, STM32U545CEU6Q, STM32U545JEY6QTR, STM32U545NEY6QTR, STM32U545REI6, STM32U545REI6Q, STM32U545RET6, STM32U545RET6Q, STM32U545VEI6, STM32U545VEI6Q, STM32U545VET6, STM32U545VET6Q, STM32U595AIH6, STM32U595AIH6Q, STM32U595AJH6, STM32U595AJH6Q, STM32U595QII6, STM32U595QII6Q, STM32U595QJI6, STM32U595QJI6Q, STM32U595RIT6, STM32U595RIT6Q, STM32U595RJT6, STM32U595RJT6Q, STM32U595VIT6, STM32U595VIT6Q, STM32U595VJT6, STM32U595VJT6Q, STM32U595ZIT6, STM32U595ZIT6Q, STM32U595ZIY6QTR, STM32U595ZJT6, STM32U595ZJT6Q, STM32U595ZJY6QTR, STM32U599BJY6QTR, STM32U599NIH6Q, STM32U599NJH6Q, STM32U599VIT6Q, STM32U599VJT6, STM32U599VJT6Q, STM32U599ZIT6Q, STM32U599ZIY6QTR, STM32U599ZJT6Q, STM32U599ZJY6QTR, STM32U5A5AJH6, STM32U5A5AJH6Q, STM32U5A5QII3Q , STM32U5A5QJI6, STM32U5A5QJI6Q, STM32U5A5RJT6, STM32U5A5RJT6Q, STM32U5A5VJT6, STM32U5A5VJT6Q, STM32U5A5ZJT6, STM32U5A5ZJT6Q, STM32U5A5ZJY6QTR, STM32U5A9BJY6QTR, STM32U5A9J-DK, STM32U5A9NJH6Q, STM32U5A9VJT6Q, STM32U5A9ZJT6Q, STM32U5A9ZJY6QTR, STM32U5F7VIT6, STM32U5F7VIT6Q, STM32U5F7VJT6, STM32U5F7VJT6Q, STM32U5F9BJY6QTR, STM32U5F9NJH6Q, STM32U5F9VIT6Q, STM32U5F9VJT6Q, STM32U5F9ZIJ6QTR, STM32U5F9ZIT6Q, STM32U5F9ZJJ6QTR, STM32U5F9ZJT6Q, STM32U5G7VJT6, STM32U5G7VJT6Q, STM32U5G9BJY6QTR, STM32U5G9J-DK1, STM32U5G9J-DK2, STM32U5G9NJH6Q, STM32U5G9VJT6Q, STM32U5G9ZJJ6QTR, STM32U5G9ZJT6Q, STM32WB1MMCH6, STM32WBA50KEU6, STM32WBA50KEU6TR, STM32WBA50KGU6, STM32WBA50KGU6TR, STM32WBA52CEU6, STM32WBA52CEU6TR, STM32WBA52CEU7, STM32WBA52CEU7TR, STM32WBA52CGU6, STM32WBA52CGU6TR, STM32WBA52CGU6U, STM32WBA52CGU7, STM32WBA52CGU7TR, STM32WBA52KEU6, STM32WBA52KEU6TR, STM32WBA52KGU6, STM32WBA52KGU6TR, STM32WBA54CEU6, STM32WBA54CEU6TR, STM32WBA54CEU7, STM32WBA54CEU7TR, STM32WBA54CGU6, STM32WBA54CGU6TR, STM32WBA54CGU7, STM32WBA54CGU7TR, STM32WBA54KEU6, STM32WBA54KEU6TR, STM32WBA54KEU7, STM32WBA54KEU7TR, STM32WBA54KGU6, STM32WBA54KGU6TR, STM32WBA54KGU7, STM32WBA54KGU7TR, STM32WBA55CEU6, STM32WBA55CEU6TR, STM32WBA55CEU7, STM32WBA55CEU7TR, STM32WBA55CGU6, STM32WBA55CGU6TR, STM32WBA55CGU6U, STM32WBA55CGU7, STM32WBA55CGU7TR, STM32WBA55G-DK1, STM32WBA55HEF6, STM32WBA55HEF7, STM32WBA55HGF6, STM32WBA55HGF7, STM32WBA55UEI6, STM32WBA55UEI6TR, STM32WBA55UEI7, STM32WBA55UEI7TR, STM32WBA55UGI6, STM32WBA55UGI6TR, STM32WBA55UGI7, STM32WBA55UGI7TR, STM32WL5MOCH6, STM32WL5MOCH6TR]
2024-09-17 15:02:27,228 [INFO] DbMcus:218 - Found 4203 MCUs, 4203 are supported
2024-09-17 15:02:27,229 [INFO] ApiDb:423 - Load user favorites file C:\Users\tommy/.stm32cubeide/favorites.mcus.txt: 0 item(s)
2024-09-17 15:02:27,230 [INFO] ApiDb:427 - User favorites MCUs=[]
2024-09-17 15:02:27,230 [INFO] DbMcus:224 - Set 0 / 0 favorites MCUs
2024-09-17 15:02:27,726 [INFO] ApiDb:668 - CubeFinder database Data Model version=2.1
2024-09-17 15:02:27,726 [INFO] ApiDb:669 - CubeFinder database Configuration version=3.0.39
2024-09-17 15:02:27,727 [INFO] ApiDb:670 - CubeFinder database generation date=2024-08-06 (1722941618)
2024-09-17 15:02:27,727 [INFO] ApiDb:671 - CubeFinder database FW Pack versions=[FP-ATR-ASTRA1_V2.0.0, FP-SNS-FLIGHT1_V5.0.2, FP-SNS-MOTENV1_V5.0.0, FP-SNS-MOTENVWB1_V1.4.0, FP-SNS-SMARTAG2_V1.2.0, FP-SNS-STBOX1_V2.0.0, STM32Cube_FW_C0_V1.2.0, STM32Cube_FW_F4_V1.28.0, STM32Cube_FW_F7_V1.17.2, STM32Cube_FW_G0_V1.6.2, STM32Cube_FW_G4_V1.6.0, STM32Cube_FW_H5_V1.3.0, STM32Cube_FW_H7RS_V1.1.0, STM32Cube_FW_H7_V1.11.2, STM32Cube_FW_L0_V1.12.2, STM32Cube_FW_L5_V1.5.1, STM32Cube_FW_U0_V1.1.0, STM32Cube_FW_U5_V1.6.0, STM32Cube_FW_WB0_V1.0.0, STM32Cube_FW_WBA_V1.4.1, STM32Cube_FW_WB_V1.20.0, STM32Cube_FW_WL_V1.3.0, X-CUBE-ALGOBUILD_V1.4.0, X-CUBE-ALS_V1.0.2, X-CUBE-AZRTOS-F4_V1.1.0, X-CUBE-AZRTOS-F7_V1.1.0, X-CUBE-AZRTOS-G0_V1.1.0, X-CUBE-AZRTOS-G4_V2.0.0, X-CUBE-AZRTOS-H7RS_V1.0.0, X-CUBE-AZRTOS-H7_V3.2.0, X-CUBE-AZRTOS-L4_V2.0.0, X-CUBE-AZRTOS-L5_V1.1.0, X-CUBE-AZRTOS-WB_V2.0.0, X-CUBE-AZRTOS-WL_V2.0.0, X-CUBE-BLE1_V7.0.0, X-CUBE-BLE2_V3.3.0, X-CUBE-BLEMGR_V3.1.0, X-CUBE-EEPRMA1_V5.1.0, X-CUBE-FREERTOS_V1.2.0, X-CUBE-GNSS1_V6.0.0, X-CUBE-MEMS1_V10.0.0, X-CUBE-NFC4_V3.0.0, X-CUBE-NFC7_V1.0.1, X-CUBE-SFXS2LP1_V4.0.0, X-CUBE-SUBG2_V5.0.0, X-CUBE-TOF1_V3.4.2]
2024-09-17 15:02:27,815 [INFO] DbBoardsSqlite:226 - include board P-NUCLEO-WB55-NUCLEO as a kit item of type 'Nucleo-64'
2024-09-17 15:02:27,816 [INFO] DbBoardsSqlite:226 - include board P-NUCLEO-WB55-USBDONGLE as a kit item of type 'Nucleo USB Dongle'
2024-09-17 15:02:27,817 [INFO] DbBoardsSqlite:226 - include board STEVAL-IDP005V1 as a kit item of type 'Evaluation Board'
2024-09-17 15:02:27,817 [INFO] DbBoardsSqlite:226 - include board STEVAL-IDP005V2 as a kit item of type 'Evaluation Board'
2024-09-17 15:02:27,909 [INFO] ApiDb:240 - Found 483 in-development CPN: [B-G473E-ZEST1S, B-WB1M-WPAN1, B-WL5M-SUBG1, NUCLEO-C031C6, NUCLEO-H503RB, NUCLEO-H533RE, NUCLEO-H563ZI, NUCLEO-H7S3L8, NUCLEO-U031R8, NUCLEO-U083RC, NUCLEO-U545RE-Q, NUCLEO-U5A5ZJ-Q, NUCLEO-WBA52CG, NUCLEO-WBA55CG, STEVAL-PROTEUS1, STEVAL-SMARTAG2, STEVAL-STWINBX1, STM320518-EVAL, STM32C0116-DK, STM32C011D6Y3TR, STM32C011D6Y6TR, STM32C011F4P3, STM32C011F4P6, STM32C011F4U3, STM32C011F4U6TR, STM32C011F6P3, STM32C011F6P6, STM32C011F6U3, STM32C011F6U6TR, STM32C011J4M3, STM32C011J4M6, STM32C011J6M3, STM32C011J6M6, STM32C0316-DK, STM32C031C4T3, STM32C031C4T6, STM32C031C4U3, STM32C031C4U6, STM32C031C6T3, STM32C031C6T6, STM32C031C6U3, STM32C031C6U6, STM32C031F4P3, STM32C031F4P6, STM32C031F6P3, STM32C031F6P6, STM32C031G4U3, STM32C031G4U6, STM32C031G6U3, STM32C031G6U6, STM32C031K4T3, STM32C031K4T6, STM32C031K4U3, STM32C031K4U6, STM32C031K6T3, STM32C031K6T6, STM32C031K6U3, STM32C031K6U6, STM32G071K8TXN, STM32G071K8UXN, STM32G081GBU6N, STM32G081KBT6N, STM32G081KBUXN, STM32G0B1CCT6N, STM32G0B1KCT6, STM32G0B1NEY6TR, STM32G0B1RCT6N, STM32G0C1CCT6, STM32G0C1CCT6N, STM32G0C1CCU6N, STM32G0C1CET6N, STM32G0C1CEU6N, STM32G0C1KCT6, STM32G0C1NEY6TR, STM32G0C1RCI6N, STM32G0C1RCT6N, STM32G0C1REI6N, STM32G0C1RET6N, STM32G0C1VCI6, STM32G0C1VEI6, STM32G471CCT6, STM32G471CCU6, STM32G471CET3, STM32G471CET6, STM32G471CEU3, STM32G471CEU6, STM32G471MCT6, STM32G471MET3, STM32G471MET6, STM32G471MEY6TR, STM32G471QCT6, STM32G471QET3, STM32G471RCT6, STM32G471RET3, STM32G471RET6, STM32G471VCH6, STM32G471VCI6, STM32G471VCT6, STM32G471VEH3, STM32G471VEH6, STM32G471VEI3, STM32G471VEI6, STM32G471VET3, STM32G471VET6, STM32G474CCT6, STM32H503CBT6, STM32H503CBU6, STM32H503EBY6TR, STM32H503KBU6, STM32H503RBT6, STM32H523CCT6, STM32H523CCU6, STM32H523CET6, STM32H523CEU6, STM32H523HEY6TR, STM32H523RCT6, STM32H523RET6, STM32H523VCI6, STM32H523VCT6, STM32H523VEI6, STM32H523VET6, STM32H523ZCJ6, STM32H523ZCT6, STM32H523ZEJ6, STM32H523ZET6, STM32H533CET6, STM32H533CEU6, STM32H533HEY6TR, STM32H533RET6, STM32H533VEI6, STM32H533VET6, STM32H533ZEJ6, STM32H533ZET6, STM32H562AGI6, STM32H562AII6, STM32H562IGK6, STM32H562IGT6, STM32H562IIK6, STM32H562IIT6, STM32H562RGT6, STM32H562RGV6, STM32H562RIT6, STM32H562RIV6, STM32H562VGT6, STM32H562VIT6, STM32H562ZGT6, STM32H562ZIT6, STM32H563AGI6, STM32H563AII3Q, STM32H563AII6, STM32H563IGK6, STM32H563IGT6, STM32H563IIK3Q, STM32H563IIK6, STM32H563IIT3Q, STM32H563IIT6, STM32H563MIY3QTR, STM32H563RGT6, STM32H563RGV6, STM32H563RIT6, STM32H563RIV6, STM32H563VGT6, STM32H563VIT3Q, STM32H563VIT6, STM32H563ZGT6, STM32H563ZIT3Q, STM32H563ZIT6, STM32H573AII3Q, STM32H573AII6, STM32H573I-DK, STM32H573IIK3Q, STM32H573IIK6, STM32H573IIT3Q, STM32H573IIT6, STM32H573MIY3QTR, STM32H573RIT6, STM32H573RIV6, STM32H573VIT3Q, STM32H573VIT6, STM32H573ZIT3Q, STM32H573ZIT6, STM32H7R3A8I6, STM32H7R3I8K6, STM32H7R3I8T6, STM32H7R3L8H6, STM32H7R3L8H6H, STM32H7R3R8V6, STM32H7R3V8H6, STM32H7R3V8T6, STM32H7R3V8Y6, STM32H7R3Z8J6, STM32H7R3Z8T6, STM32H7R7A8I6, STM32H7R7I8K6, STM32H7R7I8T6, STM32H7R7L8H6, STM32H7R7L8H6H, STM32H7R7Z8J6, STM32H7S3A8I6, STM32H7S3I8K6, STM32H7S3I8T6, STM32H7S3L8H6, STM32H7S3L8H6H, STM32H7S3R8V6, STM32H7S3V8H6, STM32H7S3V8T6, STM32H7S3V8Y6, STM32H7S3Z8J6, STM32H7S3Z8T6, STM32H7S78-DK, STM32H7S7A8I6, STM32H7S7I8K6, STM32H7S7I8T6, STM32H7S7L8H6, STM32H7S7L8H6H, STM32H7S7Z8J6, STM32L4R5QGI6STR, STM32MP131AAE3, STM32MP131AAF3, STM32MP131AAG3, STM32MP131CAE3, STM32MP131CAF3, STM32MP131CAG3, STM32MP131DAE7, STM32MP131DAF7, STM32MP131DAG7, STM32MP131FAE7, STM32MP131FAF7, STM32MP131FAG7, STM32MP133AAE3, STM32MP133AAF3, STM32MP133AAG3, STM32MP133CAE3, STM32MP133CAF3, STM32MP133CAG3, STM32MP133DAE7, STM32MP133DAF7, STM32MP133DAG7, STM32MP133FAE7, STM32MP133FAF7, STM32MP133FAG7, STM32MP135AAE3, STM32MP135AAF3, STM32MP135AAG3, STM32MP135CAE3, STM32MP135CAF3, STM32MP135CAG3, STM32MP135DAE7, STM32MP135DAF7, STM32MP135DAG7, STM32MP135F-DK, STM32MP135FAE7, STM32MP135FAF7, STM32MP135FAF7T, STM32MP135FAF7U, STM32MP135FAG7, STM32U031C6T6, STM32U031C6U6, STM32U031C8T6, STM32U031C8U6, STM32U031F4P6, STM32U031F6P6, STM32U031F8P6, STM32U031G6Y6TR, STM32U031G8Y6TR, STM32U031K4U6, STM32U031K6U6, STM32U031K8U6, STM32U031R6I6, STM32U031R6T6, STM32U031R8I6, STM32U031R8T6, STM32U073C8T6, STM32U073C8U6, STM32U073CBT6, STM32U073CBU6, STM32U073CCT6, STM32U073CCU6, STM32U073H8Y6TR, STM32U073HBY6TR, STM32U073HCY6TR, STM32U073K8U6, STM32U073KBU6, STM32U073KCU6, STM32U073M8I6, STM32U073M8T6, STM32U073MBI6, STM32U073MBT6, STM32U073MCI6, STM32U073MCT6, STM32U073R8I6, STM32U073R8T6, STM32U073RBI6, STM32U073RBT6, STM32U073RCI6, STM32U073RCT6, STM32U083C-DK, STM32U083CCT6, STM32U083CCU6, STM32U083HCY6TR, STM32U083KCU6, STM32U083MCI6, STM32U083MCT6, STM32U083RCI6, STM32U083RCT6, STM32U535CBT6, STM32U535CBT6Q, STM32U535CBU6, STM32U535CBU6Q, STM32U535CCT6, STM32U535CCT6Q, STM32U535CCU6, STM32U535CCU6Q, STM32U535CET6, STM32U535CET6Q, STM32U535CEU6, STM32U535CEU6Q, STM32U535JEY6QTR, STM32U535NCY6QTR, STM32U535NEY6QTR, STM32U535RBI6, STM32U535RBI6Q, STM32U535RBT6, STM32U535RBT6Q, STM32U535RCI6, STM32U535RCI6Q, STM32U535RCT6, STM32U535RCT6Q, STM32U535REI6, STM32U535REI6Q, STM32U535RET6, STM32U535RET6Q, STM32U535VCI6, STM32U535VCI6Q, STM32U535VCT6, STM32U535VCT6Q, STM32U535VEI6, STM32U535VEI6Q, STM32U535VET6, STM32U535VET6Q, STM32U545CET6, STM32U545CET6Q, STM32U545CEU6, STM32U545CEU6Q, STM32U545JEY6QTR, STM32U545NEY6QTR, STM32U545REI6, STM32U545REI6Q, STM32U545RET6, STM32U545RET6Q, STM32U545VEI6, STM32U545VEI6Q, STM32U545VET6, STM32U545VET6Q, STM32U595AIH6, STM32U595AIH6Q, STM32U595AJH6, STM32U595AJH6Q, STM32U595QII6, STM32U595QII6Q, STM32U595QJI6, STM32U595QJI6Q, STM32U595RIT6, STM32U595RIT6Q, STM32U595RJT6, STM32U595RJT6Q, STM32U595VIT6, STM32U595VIT6Q, STM32U595VJT6, STM32U595VJT6Q, STM32U595ZIT6, STM32U595ZIT6Q, STM32U595ZIY6QTR, STM32U595ZJT6, STM32U595ZJT6Q, STM32U595ZJY6QTR, STM32U599BJY6QTR, STM32U599NIH6Q, STM32U599NJH6Q, STM32U599VIT6Q, STM32U599VJT6, STM32U599VJT6Q, STM32U599ZIT6Q, STM32U599ZIY6QTR, STM32U599ZJT6Q, STM32U599ZJY6QTR, STM32U5A5AJH6, STM32U5A5AJH6Q, STM32U5A5QII3Q , STM32U5A5QJI6, STM32U5A5QJI6Q, STM32U5A5RJT6, STM32U5A5RJT6Q, STM32U5A5VJT6, STM32U5A5VJT6Q, STM32U5A5ZJT6, STM32U5A5ZJT6Q, STM32U5A5ZJY6QTR, STM32U5A9BJY6QTR, STM32U5A9J-DK, STM32U5A9NJH6Q, STM32U5A9VJT6Q, STM32U5A9ZJT6Q, STM32U5A9ZJY6QTR, STM32U5F7VIT6, STM32U5F7VIT6Q, STM32U5F7VJT6, STM32U5F7VJT6Q, STM32U5F9BJY6QTR, STM32U5F9NJH6Q, STM32U5F9VIT6Q, STM32U5F9VJT6Q, STM32U5F9ZIJ6QTR, STM32U5F9ZIT6Q, STM32U5F9ZJJ6QTR, STM32U5F9ZJT6Q, STM32U5G7VJT6, STM32U5G7VJT6Q, STM32U5G9BJY6QTR, STM32U5G9J-DK1, STM32U5G9J-DK2, STM32U5G9NJH6Q, STM32U5G9VJT6Q, STM32U5G9ZJJ6QTR, STM32U5G9ZJT6Q, STM32WB1MMCH6, STM32WBA50KEU6, STM32WBA50KEU6TR, STM32WBA50KGU6, STM32WBA50KGU6TR, STM32WBA52CEU6, STM32WBA52CEU6TR, STM32WBA52CEU7, STM32WBA52CEU7TR, STM32WBA52CGU6, STM32WBA52CGU6TR, STM32WBA52CGU6U, STM32WBA52CGU7, STM32WBA52CGU7TR, STM32WBA52KEU6, STM32WBA52KEU6TR, STM32WBA52KGU6, STM32WBA52KGU6TR, STM32WBA54CEU6, STM32WBA54CEU6TR, STM32WBA54CEU7, STM32WBA54CEU7TR, STM32WBA54CGU6, STM32WBA54CGU6TR, STM32WBA54CGU7, STM32WBA54CGU7TR, STM32WBA54KEU6, STM32WBA54KEU6TR, STM32WBA54KEU7, STM32WBA54KEU7TR, STM32WBA54KGU6, STM32WBA54KGU6TR, STM32WBA54KGU7, STM32WBA54KGU7TR, STM32WBA55CEU6, STM32WBA55CEU6TR, STM32WBA55CEU7, STM32WBA55CEU7TR, STM32WBA55CGU6, STM32WBA55CGU6TR, STM32WBA55CGU6U, STM32WBA55CGU7, STM32WBA55CGU7TR, STM32WBA55G-DK1, STM32WBA55HEF6, STM32WBA55HEF7, STM32WBA55HGF6, STM32WBA55HGF7, STM32WBA55UEI6, STM32WBA55UEI6TR, STM32WBA55UEI7, STM32WBA55UEI7TR, STM32WBA55UGI6, STM32WBA55UGI6TR, STM32WBA55UGI7, STM32WBA55UGI7TR, STM32WL5MOCH6, STM32WL5MOCH6TR]
2024-09-17 15:02:28,216 [INFO] BoardInfo:889 - No configuration file found for board NUCLEO-WB05KZ
2024-09-17 15:02:28,217 [INFO] DbBoards:161 - Board is not supported: NUCLEO-WB05KZ
2024-09-17 15:02:28,218 [INFO] BoardInfo:889 - No configuration file found for board NUCLEO-WB07CC
2024-09-17 15:02:28,219 [INFO] DbBoards:161 - Board is not supported: NUCLEO-WB07CC
2024-09-17 15:02:28,220 [INFO] BoardInfo:889 - No configuration file found for board NUCLEO-WB09KE
2024-09-17 15:02:28,220 [INFO] DbBoards:161 - Board is not supported: NUCLEO-WB09KE
2024-09-17 15:02:28,235 [INFO] BoardInfo:889 - No configuration file found for board P-NUCLEO-WB55
2024-09-17 15:02:28,235 [INFO] DbBoards:161 - Kit is not supported: P-NUCLEO-WB55
2024-09-17 15:02:28,241 [INFO] BoardInfo:889 - No configuration file found for board STEVAL-BFA001V1B
2024-09-17 15:02:28,241 [INFO] DbBoards:161 - Kit is not supported: STEVAL-BFA001V1B
2024-09-17 15:02:28,243 [INFO] BoardInfo:889 - No configuration file found for board STEVAL-BFA001V2B
2024-09-17 15:02:28,243 [INFO] DbBoards:161 - Kit is not supported: STEVAL-BFA001V2B
2024-09-17 15:02:28,410 [INFO] BoardInfo:889 - No configuration file found for board STM32MP257F-DK
2024-09-17 15:02:28,410 [INFO] DbBoards:161 - Board is not supported: STM32MP257F-DK
2024-09-17 15:02:28,413 [INFO] BoardInfo:889 - No configuration file found for board STM32MP257F-EV1
2024-09-17 15:02:28,414 [INFO] DbBoards:161 - Board is not supported: STM32MP257F-EV1
2024-09-17 15:02:28,429 [INFO] DbBoards:168 - Found 200 boards, 192 are supported
2024-09-17 15:02:28,430 [INFO] DbBoards:169 - Found 200 boards, 8 of them is supported for  Bsp
2024-09-17 15:02:28,434 [INFO] ApiDb:423 - Load user favorites file C:\Users\tommy/.stm32cubeide/favorites.boards.txt: 0 item(s)
2024-09-17 15:02:28,434 [INFO] ApiDb:427 - User favorites Boards=[]
2024-09-17 15:02:28,435 [INFO] DbBoards:198 - Set 0 / 0 favorites Boards
2024-09-17 15:02:28,437 [INFO] ApiDb:668 - CubeFinder database Data Model version=2.1
2024-09-17 15:02:28,437 [INFO] ApiDb:669 - CubeFinder database Configuration version=3.0.39
2024-09-17 15:02:28,437 [INFO] ApiDb:670 - CubeFinder database generation date=2024-08-06 (1722941618)
2024-09-17 15:02:28,437 [INFO] ApiDb:671 - CubeFinder database FW Pack versions=[FP-ATR-ASTRA1_V2.0.0, FP-SNS-FLIGHT1_V5.0.2, FP-SNS-MOTENV1_V5.0.0, FP-SNS-MOTENVWB1_V1.4.0, FP-SNS-SMARTAG2_V1.2.0, FP-SNS-STBOX1_V2.0.0, STM32Cube_FW_C0_V1.2.0, STM32Cube_FW_F4_V1.28.0, STM32Cube_FW_F7_V1.17.2, STM32Cube_FW_G0_V1.6.2, STM32Cube_FW_G4_V1.6.0, STM32Cube_FW_H5_V1.3.0, STM32Cube_FW_H7RS_V1.1.0, STM32Cube_FW_H7_V1.11.2, STM32Cube_FW_L0_V1.12.2, STM32Cube_FW_L5_V1.5.1, STM32Cube_FW_U0_V1.1.0, STM32Cube_FW_U5_V1.6.0, STM32Cube_FW_WB0_V1.0.0, STM32Cube_FW_WBA_V1.4.1, STM32Cube_FW_WB_V1.20.0, STM32Cube_FW_WL_V1.3.0, X-CUBE-ALGOBUILD_V1.4.0, X-CUBE-ALS_V1.0.2, X-CUBE-AZRTOS-F4_V1.1.0, X-CUBE-AZRTOS-F7_V1.1.0, X-CUBE-AZRTOS-G0_V1.1.0, X-CUBE-AZRTOS-G4_V2.0.0, X-CUBE-AZRTOS-H7RS_V1.0.0, X-CUBE-AZRTOS-H7_V3.2.0, X-CUBE-AZRTOS-L4_V2.0.0, X-CUBE-AZRTOS-L5_V1.1.0, X-CUBE-AZRTOS-WB_V2.0.0, X-CUBE-AZRTOS-WL_V2.0.0, X-CUBE-BLE1_V7.0.0, X-CUBE-BLE2_V3.3.0, X-CUBE-BLEMGR_V3.1.0, X-CUBE-EEPRMA1_V5.1.0, X-CUBE-FREERTOS_V1.2.0, X-CUBE-GNSS1_V6.0.0, X-CUBE-MEMS1_V10.0.0, X-CUBE-NFC4_V3.0.0, X-CUBE-NFC7_V1.0.1, X-CUBE-SFXS2LP1_V4.0.0, X-CUBE-SUBG2_V5.0.0, X-CUBE-TOF1_V3.4.2]
2024-09-17 15:02:29,491 [ERROR] DbExamplesSqlite:437 - Missing JSON key: board_cpn
2024-09-17 15:02:29,492 [ERROR] DbExamplesSqlite:437 - Missing JSON key: board_cpn
2024-09-17 15:02:29,492 [ERROR] DbExamplesSqlite:437 - Missing JSON key: board_cpn
2024-09-17 15:02:29,492 [ERROR] DbExamplesSqlite:437 - Missing JSON key: board_cpn
2024-09-17 15:02:29,680 [ERROR] DbExamplesSqlite:437 - Missing JSON key: board_cpn
2024-09-17 15:02:29,681 [ERROR] DbExamplesSqlite:437 - Missing JSON key: board_cpn
2024-09-17 15:02:29,681 [ERROR] DbExamplesSqlite:437 - Missing JSON key: board_cpn
2024-09-17 15:02:29,681 [ERROR] DbExamplesSqlite:437 - Missing JSON key: board_cpn
2024-09-17 15:02:29,681 [ERROR] DbExamplesSqlite:437 - Missing JSON key: board_cpn
2024-09-17 15:02:29,682 [ERROR] DbExamplesSqlite:437 - Missing JSON key: board_cpn
2024-09-17 15:02:29,682 [ERROR] DbExamplesSqlite:437 - Missing JSON key: board_cpn
2024-09-17 15:02:29,682 [ERROR] DbExamplesSqlite:437 - Missing JSON key: board_cpn
2024-09-17 15:02:29,682 [ERROR] DbExamplesSqlite:437 - Missing JSON key: board_cpn
2024-09-17 15:02:29,683 [INFO] DbExamplesSqlite:395 - Ignored 28 examples not supported by CubeIDE
2024-09-17 15:02:29,683 [INFO] DbExamplesSqlite:396 - Found 8608 examples active
2024-09-17 15:02:29,683 [INFO] DbExamplesSqlite:397 - Found 0 examples obsolete
2024-09-17 15:02:29,683 [INFO] DbExamplesSqlite:398 - Found 0 examples under development
2024-09-17 15:02:29,684 [INFO] DbExamplesSqlite:399 - Found 10 examples not building
2024-09-17 15:02:29,686 [INFO] DbExamples:125 - Found 8590 examples
2024-09-17 15:02:29,993 [ERROR] DbExamples:208 - Found 308 examples with invalid data (board or MCU)
2024-09-17 15:02:29,993 [INFO] DbExamples:222 - Found 107 boards with related examples
2024-09-17 15:02:29,996 [INFO] DbExamples:235 - Found 86 MCUs with related examples
2024-09-17 15:02:30,032 [INFO] ApiDb:423 - Load user favorites file C:\Users\tommy/.stm32cubeide/favorites.examples.txt: 0 item(s)
2024-09-17 15:02:30,032 [INFO] ApiDb:427 - User favorites Examples=[]
2024-09-17 15:02:30,032 [INFO] DbExamples:250 - Set 0 / 0 favorites Examples
2024-09-17 15:02:30,530 [INFO] McuFinderGlobals:76 - Set McuFinderConnectedMode to true
2024-09-17 15:02:30,541 [INFO] MultiScanPanel:200 - Auto-refresh data requested => check proxy status ongoing
2024-09-17 15:02:30,547 [INFO] FinderPluginLoader:95 - Searching for filters in installed packs
2024-09-17 15:02:32,625 [INFO] LoadUrlFilesThread:185 - End of LoadServerUrlFiles without Thread
2024-09-17 15:02:32,754 [INFO] DetailPanel:341 - Set advertising image to C:/Users/tommy/STM32Cube/Repository/\en.prom-stm32c071-usb-memories-mcu-finder.png
2024-09-17 15:08:31,703 [INFO] MainUpdater:2873 - connection check result : 10
2024-09-17 15:08:31,703 [INFO] MainUpdater:2873 - connection check result : 10
2024-09-17 15:08:31,737 [INFO] MicroXplorer:468 - Change Database Path : 
2024-09-17 15:08:31,737 [INFO] MicroXplorer:498 - Change Database Version : DB.6.0.111
2024-09-17 15:08:31,746 [WARN] ThirdParty:871 - waiting for thirdparty lock release [close project]
2024-09-17 15:08:31,746 [INFO] ThirdParty:873 - entering critical section [close project]
2024-09-17 15:08:31,749 [INFO] ThirdParty:883 - exiting critical section [close project]
2024-09-17 15:08:31,757 [INFO] PinOutPanel:1561 - setPackage(No Configuration,No Configuration)
2024-09-17 15:08:31,763 [INFO] UtilMem:75 - Begin LoadConfig() Used Memory: 709596776 Bytes (1073741824)
2024-09-17 15:08:31,767 [INFO] MicroXplorer:468 - Change Database Path : 
2024-09-17 15:08:31,767 [INFO] MicroXplorer:498 - Change Database Version : DB.6.0.111
2024-09-17 15:08:31,768 [INFO] OpenFileManager:312 - Change cursor
2024-09-17 15:08:32,301 [INFO] Mcu:2021 - Initializing MCU STM32F446RETx STM32F446RETx STM32F446RET6
2024-09-17 15:08:36,362 [INFO] Context:663 - Trying to add GPIOservice into a context  which must be forbidden
2024-09-17 15:08:37,482 [INFO] ImportTextPane:194 - (OptionalMessage_ERROR) Unable to find key (Mcu.ThirdPartyNb) in loaded IOC file
2024-09-17 15:08:37,483 [INFO] ImportTextPane:194 - (OptionalMessage_ERROR) Unable to find key (Mcu.PinsNb) in loaded IOC file
2024-09-17 15:08:37,483 [INFO] ImportTextPane:194 - (OptionalMessage_ERROR) Unable to find key (Mcu.IPNb) in loaded IOC file
2024-09-17 15:08:37,991 [INFO] RtosManager:555 - Registered RTOS mode: class=CMSIS, group=RTOS, mode=CMSIS_V1, owner=FREERTOS
2024-09-17 15:08:37,991 [INFO] RtosManager:555 - Registered RTOS mode: class=CMSIS, group=RTOS2, mode=CMSIS_V2, owner=FREERTOS
2024-09-17 15:08:37,991 [INFO] RtosManager:555 - Registered RTOS mode: class=RTOS, group=Core, mode=CMSIS_V1, owner=FREERTOS
2024-09-17 15:08:37,991 [INFO] RtosManager:555 - Registered RTOS mode: class=RTOS, group=Core, mode=CMSIS_V2, owner=FREERTOS
2024-09-17 15:08:37,992 [WARN] ModelIntegratedComponent:184 - Missing modes for component STMicroelectronics:FreeRTOS:0.0.1:STMicroelectronics:RTOS:FreeRTOS:Core:::10.2.0:
2024-09-17 15:08:38,016 [WARN] ModelIntegratedComponent:63 - No mode defined for component null
2024-09-17 15:08:38,016 [WARN] ModelIntegratedComponent:63 - No mode defined for component null
2024-09-17 15:08:38,016 [WARN] ModelIntegratedComponent:63 - No mode defined for component null
2024-09-17 15:08:38,016 [WARN] ModelIntegratedComponent:63 - No mode defined for component null
2024-09-17 15:08:38,017 [WARN] ModelIntegratedComponent:63 - No mode defined for component null
2024-09-17 15:08:38,017 [WARN] ModelIntegratedComponent:63 - No mode defined for component null
2024-09-17 15:08:38,017 [WARN] ModelIntegratedComponent:63 - No mode defined for component null
2024-09-17 15:08:38,017 [WARN] ModelIntegratedComponent:63 - No mode defined for component null
2024-09-17 15:08:38,017 [WARN] ModelIntegratedComponent:63 - No mode defined for component null
2024-09-17 15:08:38,017 [WARN] ModelIntegratedComponent:63 - No mode defined for component null
2024-09-17 15:08:38,017 [WARN] ModelIntegratedComponent:63 - No mode defined for component null
2024-09-17 15:08:38,017 [WARN] ModelIntegratedComponent:63 - No mode defined for component null
2024-09-17 15:08:38,017 [WARN] ModelIntegratedComponent:63 - No mode defined for component null
2024-09-17 15:08:38,017 [WARN] ModelIntegratedComponent:63 - No mode defined for component null
2024-09-17 15:08:38,017 [WARN] ModelIntegratedComponent:63 - No mode defined for component null
2024-09-17 15:08:38,017 [WARN] ModelIntegratedComponent:63 - No mode defined for component null
2024-09-17 15:08:38,017 [WARN] ModelIntegratedComponent:63 - No mode defined for component null
2024-09-17 15:08:38,017 [WARN] ModelIntegratedComponent:63 - No mode defined for component null
2024-09-17 15:08:38,018 [WARN] ModelIntegratedComponent:63 - No mode defined for component null
2024-09-17 15:08:38,018 [WARN] ModelIntegratedComponent:63 - No mode defined for component null
2024-09-17 15:08:38,018 [WARN] ModelIntegratedComponent:63 - No mode defined for component null
2024-09-17 15:08:38,018 [WARN] ModelIntegratedComponent:63 - No mode defined for component null
2024-09-17 15:08:38,018 [WARN] ModelIntegratedComponent:63 - No mode defined for component null
2024-09-17 15:08:38,018 [WARN] ModelIntegratedComponent:63 - No mode defined for component null
2024-09-17 15:08:38,018 [WARN] ModelIntegratedComponent:63 - No mode defined for component null
2024-09-17 15:08:38,018 [WARN] ModelIntegratedComponent:63 - No mode defined for component null
2024-09-17 15:08:38,018 [WARN] ModelIntegratedComponent:63 - No mode defined for component null
2024-09-17 15:08:38,018 [WARN] ModelIntegratedComponent:63 - No mode defined for component null
2024-09-17 15:08:38,018 [WARN] ModelIntegratedComponent:63 - No mode defined for component null
2024-09-17 15:08:38,018 [WARN] ModelIntegratedComponent:63 - No mode defined for component null
2024-09-17 15:08:38,019 [WARN] ModelIntegratedComponent:63 - No mode defined for component null
2024-09-17 15:08:38,019 [WARN] ModelIntegratedComponent:63 - No mode defined for component null
2024-09-17 15:08:38,019 [WARN] ModelIntegratedComponent:63 - No mode defined for component null
2024-09-17 15:08:38,019 [WARN] ModelIntegratedComponent:63 - No mode defined for component null
2024-09-17 15:08:38,254 [INFO] ThirdPartyModel:298 - Start build external matchings
2024-09-17 15:08:40,158 [INFO] ThirdPartyModel:316 - End build external matchings
2024-09-17 15:08:41,187 [INFO] UtilMem:75 - End LoadConfig() Used Memory: 887970216 Bytes (1073741824)
2024-09-17 15:08:41,266 [WARN] ThirdParty:833 - waiting for thirdparty lock release [change project]
2024-09-17 15:08:41,266 [INFO] ThirdParty:835 - entering critical section [change project]
2024-09-17 15:08:41,267 [INFO] ThirdParty:1030 - CMSIS Pack Vendor :STMicroelectronics USBPD 4.1
2024-09-17 15:08:41,267 [INFO] ThirdParty:1030 - CMSIS Pack Vendor :STMicroelectronics X-CUBE-AZRTOS-H7 3.3.0
2024-09-17 15:08:41,267 [INFO] ThirdParty:1030 - CMSIS Pack Vendor :STMicroelectronics X-CUBE-GNSS1 6.0.0
2024-09-17 15:08:41,267 [INFO] ThirdParty:1030 - CMSIS Pack Vendor :STMicroelectronics USB_HOST 2.0.0
2024-09-17 15:08:41,267 [INFO] ThirdParty:1030 - CMSIS Pack Vendor :STMicroelectronics FP-SNS-MOTENVWB1 1.4.0
2024-09-17 15:08:41,267 [INFO] ThirdParty:1030 - CMSIS Pack Vendor :STMicroelectronics X-CUBE-AZRTOS-F4 1.1.0
2024-09-17 15:08:41,267 [INFO] ThirdParty:1030 - CMSIS Pack Vendor :STMicroelectronics LIBJPEG 8.0.0
2024-09-17 15:08:41,267 [INFO] ThirdParty:1030 - CMSIS Pack Vendor :STMicroelectronics X-CUBE-SMBUS 2.1.0
2024-09-17 15:08:41,267 [INFO] ThirdParty:1030 - CMSIS Pack Vendor :STMicroelectronics USB_DEVICE 3.0.0
2024-09-17 15:08:41,267 [INFO] ThirdParty:1030 - CMSIS Pack Vendor :STMicroelectronics X-CUBE-TCPP 4.1.0
2024-09-17 15:08:41,267 [INFO] ThirdParty:1030 - CMSIS Pack Vendor :STMicroelectronics X-CUBE-ISPU 2.1.0
2024-09-17 15:08:41,268 [INFO] ThirdParty:1030 - CMSIS Pack Vendor :STMicroelectronics X-CUBE-FREERTOS 1.2.0
2024-09-17 15:08:41,268 [INFO] ThirdParty:1030 - CMSIS Pack Vendor :STMicroelectronics X-CUBE-AZRTOS-WB 2.0.0
2024-09-17 15:08:41,268 [INFO] ThirdParty:1030 - CMSIS Pack Vendor :STMicroelectronics X-CUBE-GNSS1 7.0.0
2024-09-17 15:08:41,268 [INFO] ThirdParty:1030 - CMSIS Pack Vendor :STMicroelectronics X-CUBE-TOUCHGFX 4.23.2
2024-09-17 15:08:41,268 [INFO] ThirdParty:1030 - CMSIS Pack Vendor :STMicroelectronics X-CUBE-AZRTOS-F7 1.1.0
2024-09-17 15:08:41,268 [INFO] ThirdParty:1030 - CMSIS Pack Vendor :STMicroelectronics X-CUBE-AZRTOS-L5 2.0.0
2024-09-17 15:08:41,268 [INFO] ThirdParty:1030 - CMSIS Pack Vendor :STMicroelectronics USB_DEVICE 2.0.0
2024-09-17 15:08:41,268 [INFO] ThirdParty:1030 - CMSIS Pack Vendor :STMicroelectronics X-CUBE-NFC6 3.1.0
2024-09-17 15:08:41,269 [INFO] ThirdParty:1030 - CMSIS Pack Vendor :STMicroelectronics FP-SNS-STBOX1 2.0.0
2024-09-17 15:08:41,269 [INFO] ThirdParty:1030 - CMSIS Pack Vendor :STMicroelectronics X-CUBE-MEMS1 11.0.0
2024-09-17 15:08:41,269 [INFO] ThirdParty:1030 - CMSIS Pack Vendor :STMicroelectronics FreeRTOS 0.0.1
2024-09-17 15:08:41,269 [INFO] ThirdParty:1030 - CMSIS Pack Vendor :STMicroelectronics X-CUBE-AZRTOS-G0 1.1.0
2024-09-17 15:08:41,269 [INFO] ThirdParty:1030 - CMSIS Pack Vendor :STMicroelectronics X-CUBE-SAFEA1 1.2.2
2024-09-17 15:08:41,269 [INFO] ThirdParty:1030 - CMSIS Pack Vendor :STMicroelectronics X-CUBE-NFC4 3.0.0
2024-09-17 15:08:41,269 [INFO] ThirdParty:1030 - CMSIS Pack Vendor :STMicroelectronics X-CUBE-DPower 1.2.0
2024-09-17 15:08:41,269 [INFO] ThirdParty:1030 - CMSIS Pack Vendor :STMicroelectronics X-CUBE-SUBG2 5.0.0
2024-09-17 15:08:41,269 [INFO] ThirdParty:1030 - CMSIS Pack Vendor :STMicroelectronics STM32_WPAN 1.0.0
2024-09-17 15:08:41,269 [INFO] ThirdParty:1030 - CMSIS Pack Vendor :wolfSSL I-CUBE-wolfMQTT 1.18.0
2024-09-17 15:08:41,269 [INFO] ThirdParty:1030 - CMSIS Pack Vendor :EmbeddedOffice I-CUBE-FS-RTOS 1.0.1
2024-09-17 15:08:41,269 [INFO] ThirdParty:1030 - CMSIS Pack Vendor :STMicroelectronics lwIP 2.0.3
2024-09-17 15:08:41,269 [INFO] ThirdParty:1030 - CMSIS Pack Vendor :STMicroelectronics FP-SNS-FLIGHT1 5.0.2
2024-09-17 15:08:41,269 [INFO] ThirdParty:1030 - CMSIS Pack Vendor :Cesanta I-CUBE-Mongoose 7.13.0
2024-09-17 15:08:41,270 [INFO] ThirdParty:1030 - CMSIS Pack Vendor :STMicroelectronics USB_HOST 1.0.0
2024-09-17 15:08:41,270 [INFO] ThirdParty:1030 - CMSIS Pack Vendor :STMicroelectronics X-CUBE-AI 9.0.0
2024-09-17 15:08:41,270 [INFO] ThirdParty:1030 - CMSIS Pack Vendor :STMicroelectronics X-CUBE-AZRTOS-G4 2.0.0
2024-09-17 15:08:41,270 [INFO] ThirdParty:1030 - CMSIS Pack Vendor :STMicroelectronics PDM2PCM 3.1.0
2024-09-17 15:08:41,270 [INFO] ThirdParty:1030 - CMSIS Pack Vendor :STMicroelectronics PDM2PCM 3.3.0
2024-09-17 15:08:41,270 [INFO] ThirdParty:1030 - CMSIS Pack Vendor :STMicroelectronics X-CUBE-DISPLAY 3.0.0
2024-09-17 15:08:41,270 [INFO] ThirdParty:1030 - CMSIS Pack Vendor :RealThread X-CUBE-RT-Thread_Nano 4.1.1
2024-09-17 15:08:41,270 [INFO] ThirdParty:1030 - CMSIS Pack Vendor :wolfSSL I-CUBE-wolfSSL 5.7.0
2024-09-17 15:08:41,270 [INFO] ThirdParty:1030 - CMSIS Pack Vendor :STMicroelectronics X-CUBE-BLE1 7.0.0
2024-09-17 15:08:41,270 [INFO] ThirdParty:1030 - CMSIS Pack Vendor :STMicroelectronics FP-ATR-SIGFOX1 3.2.0
2024-09-17 15:08:41,270 [INFO] ThirdParty:1030 - CMSIS Pack Vendor :STMicroelectronics X-CUBE-ISPU 2.0.0
2024-09-17 15:08:41,270 [INFO] ThirdParty:1030 - CMSIS Pack Vendor :STMicroelectronics X-CUBE-EEPRMA1 5.1.0
2024-09-17 15:08:41,270 [INFO] ThirdParty:1030 - CMSIS Pack Vendor :STMicroelectronics HAL Drivers 0.0.0
2024-09-17 15:08:41,270 [INFO] ThirdParty:1030 - CMSIS Pack Vendor :STMicroelectronics MBEDTLS 2.16.2
2024-09-17 15:08:41,270 [INFO] ThirdParty:1030 - CMSIS Pack Vendor :STMicroelectronics X-CUBE-ALS 1.0.2
2024-09-17 15:08:41,270 [INFO] ThirdParty:1030 - CMSIS Pack Vendor :emotas I-CUBE-CANOPEN 1.3.0
2024-09-17 15:08:41,271 [INFO] ThirdParty:1030 - CMSIS Pack Vendor :STMicroelectronics X-CUBE-MEMS1 10.0.0
2024-09-17 15:08:41,271 [INFO] ThirdParty:1030 - CMSIS Pack Vendor :STMicroelectronics X-CUBE-NFC7 1.0.1
2024-09-17 15:08:41,271 [INFO] ThirdParty:1030 - CMSIS Pack Vendor :STMicroelectronics MBEDTLS 2.14.1
2024-09-17 15:08:41,271 [INFO] ThirdParty:1030 - CMSIS Pack Vendor :STMicroelectronics X-CUBE-TOUCHGFX 4.24.0
2024-09-17 15:08:41,271 [INFO] ThirdParty:1030 - CMSIS Pack Vendor :ITTIA_DB I-CUBE-ITTIADB 8.9.0
2024-09-17 15:08:41,271 [INFO] ThirdParty:1030 - CMSIS Pack Vendor :wolfSSL I-CUBE-wolfTPM 3.2.0
2024-09-17 15:08:41,271 [INFO] ThirdParty:1030 - CMSIS Pack Vendor :portGmbH I-Cube-SoM-uGOAL 1.1.0
2024-09-17 15:08:41,271 [INFO] ThirdParty:1030 - CMSIS Pack Vendor :STMicroelectronics X-CUBE-ALS 1.0.1
2024-09-17 15:08:41,271 [INFO] ThirdParty:1030 - CMSIS Pack Vendor :STMicroelectronics X-CUBE-BLEMGR 3.1.0
2024-09-17 15:08:41,271 [INFO] ThirdParty:1030 - CMSIS Pack Vendor :STMicroelectronics ThreadX 1.0.0
2024-09-17 15:08:41,271 [INFO] ThirdParty:1030 - CMSIS Pack Vendor :STMicroelectronics FP-SNS-SMARTAG2 1.2.0
2024-09-17 15:08:41,272 [INFO] ThirdParty:1030 - CMSIS Pack Vendor :STMicroelectronics X-CUBE-AZRTOS-WL 2.0.0
2024-09-17 15:08:41,272 [INFO] ThirdParty:1030 - CMSIS Pack Vendor :SEGGER I-CUBE-embOS 1.3.1
2024-09-17 15:08:41,272 [INFO] ThirdParty:1030 - CMSIS Pack Vendor :STMicroelectronics X-CUBE-ALGOBUILD 1.4.0
2024-09-17 15:08:41,272 [INFO] ThirdParty:1030 - CMSIS Pack Vendor :STMicroelectronics FP-SNS-MOTENV1 5.0.0
2024-09-17 15:08:41,272 [INFO] ThirdParty:1030 - CMSIS Pack Vendor :STMicroelectronics USB_DEVICE 1.0.0
2024-09-17 15:08:41,272 [INFO] ThirdParty:1030 - CMSIS Pack Vendor :STMicroelectronics X-CUBE-AZRTOS-H7RS 1.0.0
2024-09-17 15:08:41,272 [INFO] ThirdParty:1030 - CMSIS Pack Vendor :wolfSSL I-CUBE-wolfMQTT 1.19.0
2024-09-17 15:08:41,272 [INFO] ThirdParty:1030 - CMSIS Pack Vendor :STMicroelectronics X-CUBE-AZRTOS-L4 2.0.0
2024-09-17 15:08:41,272 [INFO] ThirdParty:1030 - CMSIS Pack Vendor :STMicroelectronics ThreadX 0.0.2
2024-09-17 15:08:41,272 [INFO] ThirdParty:1030 - CMSIS Pack Vendor :WES I-CUBE-Cesium 1.3.0
2024-09-17 15:08:41,272 [INFO] ThirdParty:1030 - CMSIS Pack Vendor :STMicroelectronics FP-ATR-ASTRA1 2.0.0
2024-09-17 15:08:41,272 [INFO] ThirdParty:1030 - CMSIS Pack Vendor :STMicroelectronics lwIP 2.1.2
2024-09-17 15:08:41,272 [INFO] ThirdParty:1030 - CMSIS Pack Vendor :STMicroelectronics X-CUBE-SFXS2LP1 4.0.0
2024-09-17 15:08:41,272 [INFO] ThirdParty:1030 - CMSIS Pack Vendor :STMicroelectronics X-CUBE-BLE2 3.3.0
2024-09-17 15:08:41,272 [INFO] ThirdParty:1030 - CMSIS Pack Vendor :STMicroelectronics X-CUBE-TOF1 3.4.2
2024-09-17 15:08:41,272 [INFO] ThirdParty:1030 - CMSIS Pack Vendor :STMicroelectronics X-CUBE-TOF1 3.4.1
2024-09-17 15:08:41,273 [INFO] ThirdParty:1030 - CMSIS Pack Vendor :STMicroelectronics X-CUBE-AZRTOS-H7 3.2.0
2024-09-17 15:08:41,273 [INFO] ThirdParty:1030 - CMSIS Pack Vendor :Infineon AIROC-Wi-Fi-Bluetooth-STM32 1.6.0
2024-09-17 15:08:41,273 [INFO] ThirdParty:1030 - CMSIS Pack Vendor :STMicroelectronics PDM2PCM 3.2.0
2024-09-17 15:08:41,273 [INFO] ThirdParty:1030 - CMSIS Pack Vendor :wolfSSL I-CUBE-wolfSSH 1.4.17
2024-09-17 15:08:41,273 [INFO] ThirdParty:841 - exiting critical section [change project]
2024-09-17 15:08:42,243 [INFO] PinOutPanel:1561 - setPackage(No Configuration,No Configuration)
2024-09-17 15:08:42,245 [INFO] PinOutPanel:1561 - setPackage(STM32F446RETx,LQFP64)
2024-09-17 15:08:43,845 [INFO] UtilMem:75 - Before build in PCC Used Memory: 938350840 Bytes (1073741824)
2024-09-17 15:08:47,452 [INFO] UtilMem:75 - After build in PCC Used Memory: 726145384 Bytes (1073741824)
2024-09-17 15:08:47,512 [INFO] IPUIPlugin:80 - create IPUIPlugin
2024-09-17 15:08:47,512 [INFO] IPUIPlugin:80 - create IPUIPlugin
2024-09-17 15:08:47,512 [INFO] IPUIPlugin:80 - create IPUIPlugin
2024-09-17 15:08:47,512 [INFO] IPUIPlugin:80 - create IPUIPlugin
2024-09-17 15:08:47,513 [INFO] IPUIPlugin:80 - create IPUIPlugin
2024-09-17 15:08:47,513 [INFO] IPUIPlugin:80 - create IPUIPlugin
2024-09-17 15:08:47,513 [INFO] IPUIPlugin:80 - create IPUIPlugin
2024-09-17 15:08:47,513 [INFO] IPUIPlugin:80 - create IPUIPlugin
2024-09-17 15:08:47,513 [INFO] IPUIPlugin:80 - create IPUIPlugin
2024-09-17 15:08:47,514 [INFO] IPUIPlugin:80 - create IPUIPlugin
2024-09-17 15:08:47,514 [INFO] IPUIPlugin:80 - create IPUIPlugin
2024-09-17 15:08:47,514 [INFO] IPUIPlugin:80 - create IPUIPlugin
2024-09-17 15:08:47,514 [INFO] IPUIPlugin:80 - create IPUIPlugin
2024-09-17 15:08:47,514 [INFO] IPUIPlugin:80 - create IPUIPlugin
2024-09-17 15:08:47,515 [INFO] IPUIPlugin:80 - create IPUIPlugin
2024-09-17 15:08:47,515 [INFO] IPUIPlugin:80 - create IPUIPlugin
2024-09-17 15:08:47,515 [INFO] IPUIPlugin:80 - create IPUIPlugin
2024-09-17 15:08:47,515 [INFO] IPUIPlugin:80 - create IPUIPlugin
2024-09-17 15:08:47,515 [INFO] IPUIPlugin:80 - create IPUIPlugin
2024-09-17 15:08:47,515 [INFO] IPUIPlugin:80 - create IPUIPlugin
2024-09-17 15:08:47,516 [INFO] IPUIPlugin:80 - create IPUIPlugin
2024-09-17 15:08:47,516 [INFO] IPUIPlugin:80 - create IPUIPlugin
2024-09-17 15:08:47,517 [INFO] IPUIPlugin:80 - create IPUIPlugin
2024-09-17 15:08:47,517 [INFO] IPUIPlugin:80 - create IPUIPlugin
2024-09-17 15:08:47,517 [INFO] IPUIPlugin:80 - create IPUIPlugin
2024-09-17 15:08:47,517 [INFO] IPUIPlugin:80 - create IPUIPlugin
2024-09-17 15:08:47,518 [INFO] IPUIPlugin:80 - create IPUIPlugin
2024-09-17 15:08:47,518 [INFO] IPUIPlugin:80 - create IPUIPlugin
2024-09-17 15:08:47,518 [INFO] IPUIPlugin:80 - create IPUIPlugin
2024-09-17 15:08:47,519 [INFO] IPUIPlugin:80 - create IPUIPlugin
2024-09-17 15:08:47,519 [INFO] IPUIPlugin:80 - create IPUIPlugin
2024-09-17 15:08:47,520 [INFO] IPUIPlugin:80 - create IPUIPlugin
2024-09-17 15:08:47,520 [INFO] IPUIPlugin:80 - create IPUIPlugin
2024-09-17 15:08:47,520 [INFO] IPUIPlugin:80 - create IPUIPlugin
2024-09-17 15:08:47,521 [INFO] IPUIPlugin:80 - create IPUIPlugin
2024-09-17 15:08:47,521 [INFO] IPUIPlugin:80 - create IPUIPlugin
2024-09-17 15:08:47,521 [INFO] IPUIPlugin:80 - create IPUIPlugin
2024-09-17 15:08:47,522 [INFO] IPUIPlugin:80 - create IPUIPlugin
2024-09-17 15:08:47,522 [INFO] IPUIPlugin:80 - create IPUIPlugin
2024-09-17 15:08:47,523 [INFO] IPUIPlugin:80 - create IPUIPlugin
2024-09-17 15:08:47,523 [INFO] IPUIPlugin:80 - create IPUIPlugin
2024-09-17 15:08:47,523 [INFO] IPUIPlugin:80 - create IPUIPlugin
2024-09-17 15:08:47,524 [INFO] IPUIPlugin:80 - create IPUIPlugin
2024-09-17 15:08:47,524 [INFO] IPUIPlugin:80 - create IPUIPlugin
2024-09-17 15:08:47,525 [INFO] IPUIPlugin:80 - create IPUIPlugin
2024-09-17 15:08:47,525 [INFO] IPUIPlugin:80 - create IPUIPlugin
2024-09-17 15:08:47,526 [INFO] IPUIPlugin:80 - create IPUIPlugin
2024-09-17 15:08:47,526 [INFO] IPUIPlugin:80 - create IPUIPlugin
2024-09-17 15:08:47,527 [INFO] IPUIPlugin:80 - create IPUIPlugin
2024-09-17 15:08:47,527 [INFO] IPUIPlugin:80 - create IPUIPlugin
2024-09-17 15:08:47,528 [INFO] IPUIPlugin:80 - create IPUIPlugin
2024-09-17 15:08:47,528 [INFO] IPUIPlugin:80 - create IPUIPlugin
2024-09-17 15:08:47,529 [INFO] IPUIPlugin:80 - create IPUIPlugin
2024-09-17 15:08:47,529 [INFO] IPUIPlugin:80 - create IPUIPlugin
2024-09-17 15:08:47,533 [INFO] IPUIPlugin:80 - create IPUIPlugin
2024-09-17 15:08:47,540 [INFO] IPUIPlugin:80 - create IPUIPlugin
2024-09-17 15:08:47,621 [INFO] IPUIPlugin:80 - create IPUIPlugin
2024-09-17 15:08:47,622 [INFO] IPUIPlugin:80 - create IPUIPlugin
2024-09-17 15:08:47,623 [INFO] IPUIPlugin:80 - create IPUIPlugin
2024-09-17 15:08:47,624 [INFO] IPUIPlugin:80 - create IPUIPlugin
2024-09-17 15:08:47,756 [INFO] ApiDbMcu:508 - Load IP Config File for PDM2PCM
2024-09-17 15:08:48,581 [INFO] CADModel:165 - CPN selected for project levelSTM32F446RET6
2024-09-17 15:08:48,582 [INFO] CADModel:114 - Register for checkConnection events
2024-09-17 15:08:52,173 [INFO] OpenFileManager:343 - Restore cursor
2024-09-17 15:09:11,262 [INFO] UtilMem:75 - End SaveConfig() Used Memory: 812785704 Bytes (1073741824)
2024-09-17 15:15:41,223 [INFO] Activator:176 - 


2024-09-17 15:15:41,226 [INFO] Activator:177 - !SESSION log4j initialized
2024-09-17 15:15:44,548 [INFO] ApplicationProperties:184 - Using Application install path: C:\ST\STM32CubeIDE_1.15.1\STM32CubeIDE\plugins\com.st.stm32cube.common.mx_6.11.1.202404110753
2024-09-17 15:15:44,569 [INFO] DbMcusXml:78 - Set database path to: C:\ST\STM32CubeIDE_1.15.1\STM32CubeIDE\plugins\com.st.stm32cube.common.mx_6.11.1.202404110753\\db\/mcu/
2024-09-17 15:15:44,570 [INFO] ApiDb:274 - Set plugin database path to: C:\ST\STM32CubeIDE_1.15.1\STM32CubeIDE\plugins\com.st.stm32cube.common.mx_6.11.1.202404110753\\db\/plugins/boardmanager/
2024-09-17 15:15:44,570 [WARN] ApiDb:259 - Overriding images path with different value:  => C:\ST\STM32CubeIDE_1.15.1\STM32CubeIDE\plugins\com.st.stm32cube.common.mx_6.11.1.202404110753\\db\/plugins/mcufinder/images/
2024-09-17 15:15:44,576 [INFO] ApiDb:250 - Set database path to: C:\Users\tommy\.stmcufinder\plugins\mcufinder//mcu/
2024-09-17 15:15:44,577 [INFO] DbMcusAds:125 - Set database path to: C:\Users\tommy\.stmcufinder\plugins\mcufinder//mcu/
2024-09-17 15:15:44,585 [INFO] CrossReferenceDbSqlite:203 - Set database path to: C:\Users\tommy\.stmcufinder\plugins\mcufinder//mcu/cs/
2024-09-17 15:15:44,771 [INFO] RulesReader:64 - Compatibility file has been processed (297 Rules)
2024-09-17 15:15:44,938 [INFO] DbMcusXml:78 - Set database path to: C:\ST\STM32CubeIDE_1.15.1\STM32CubeIDE\plugins\com.st.stm32cube.common.mx_6.11.1.202404110753\\db\/mcu/
2024-09-17 15:15:44,939 [INFO] ApiDb:274 - Set plugin database path to: C:\ST\STM32CubeIDE_1.15.1\STM32CubeIDE\plugins\com.st.stm32cube.common.mx_6.11.1.202404110753\\db\/plugins/boardmanager/
2024-09-17 15:15:44,939 [INFO] ApiDb:261 - Set plugin images path to: C:\ST\STM32CubeIDE_1.15.1\STM32CubeIDE\plugins\com.st.stm32cube.common.mx_6.11.1.202404110753\\db\/plugins/mcufinder/images/
2024-09-17 15:15:44,939 [WARN] DbFile:41 - Overriding database path with different value: C:\Users\tommy\.stmcufinder\plugins\mcufinder/ => C:\Users\tommy\.stmcufinder\plugins\mcufinder
2024-09-17 15:15:44,940 [INFO] ApiDb:250 - Set database path to: C:\Users\tommy\.stmcufinder\plugins\mcufinder//mcu/
2024-09-17 15:15:44,940 [WARN] DbFile:41 - Overriding database path with different value: C:\Users\tommy\.stmcufinder\plugins\mcufinder/ => C:\Users\tommy\.stmcufinder\plugins\mcufinder
2024-09-17 15:15:44,940 [INFO] DbMcusAds:125 - Set database path to: C:\Users\tommy\.stmcufinder\plugins\mcufinder//mcu/
2024-09-17 15:15:44,940 [WARN] DbFile:41 - Overriding database path with different value: C:\Users\tommy\.stmcufinder\plugins\mcufinder/ => C:\Users\tommy\.stmcufinder\plugins\mcufinder
2024-09-17 15:15:44,940 [WARN] DbFile:41 - Overriding database path with different value: C:\Users\tommy\.stmcufinder\plugins\mcufinder/ => C:\Users\tommy\.stmcufinder\plugins\mcufinder
2024-09-17 15:15:44,941 [INFO] CrossReferenceDbSqlite:203 - Set database path to: C:\Users\tommy\.stmcufinder\plugins\mcufinder//mcu/cs/
2024-09-17 15:15:45,085 [INFO] MainPanel:264 - HeapMemory: 268435456
2024-09-17 15:15:45,232 [INFO] DbMcusXml:78 - Set database path to: C:\ST\STM32CubeIDE_1.15.1\STM32CubeIDE\plugins\com.st.stm32cube.common.mx_6.11.1.202404110753\\db\/mcu/
2024-09-17 15:15:45,233 [INFO] ApiDb:274 - Set plugin database path to: C:\ST\STM32CubeIDE_1.15.1\STM32CubeIDE\plugins\com.st.stm32cube.common.mx_6.11.1.202404110753\\db\/plugins/boardmanager/
2024-09-17 15:15:45,233 [INFO] ApiDb:261 - Set plugin images path to: C:\ST\STM32CubeIDE_1.15.1\STM32CubeIDE\plugins\com.st.stm32cube.common.mx_6.11.1.202404110753\\db\/plugins/mcufinder/images/
2024-09-17 15:15:45,234 [WARN] DbFile:41 - Overriding database path with different value: C:\Users\tommy\.stmcufinder\plugins\mcufinder/ => C:\Users\tommy\.stmcufinder\plugins\mcufinder
2024-09-17 15:15:45,234 [INFO] ApiDb:250 - Set database path to: C:\Users\tommy\.stmcufinder\plugins\mcufinder//mcu/
2024-09-17 15:15:45,235 [WARN] DbFile:41 - Overriding database path with different value: C:\Users\tommy\.stmcufinder\plugins\mcufinder/ => C:\Users\tommy\.stmcufinder\plugins\mcufinder
2024-09-17 15:15:45,235 [INFO] DbMcusAds:125 - Set database path to: C:\Users\tommy\.stmcufinder\plugins\mcufinder//mcu/
2024-09-17 15:15:45,235 [WARN] DbFile:41 - Overriding database path with different value: C:\Users\tommy\.stmcufinder\plugins\mcufinder/ => C:\Users\tommy\.stmcufinder\plugins\mcufinder
2024-09-17 15:15:45,235 [WARN] DbFile:41 - Overriding database path with different value: C:\Users\tommy\.stmcufinder\plugins\mcufinder/ => C:\Users\tommy\.stmcufinder\plugins\mcufinder
2024-09-17 15:15:45,236 [INFO] CrossReferenceDbSqlite:203 - Set database path to: C:\Users\tommy\.stmcufinder\plugins\mcufinder//mcu/cs/
2024-09-17 15:15:45,269 [INFO] ApplicationProperties:184 - Using Application install path: C:\ST\STM32CubeIDE_1.15.1\STM32CubeIDE\plugins\com.st.stm32cube.common.mx_6.11.1.202404110753
2024-09-17 15:15:45,271 [INFO] PluginManage:196 - Search for loadable plugins [exclusion list=, ]
2024-09-17 15:15:45,274 [INFO] PluginManage:310 - Check plugin analytics
2024-09-17 15:15:45,781 [INFO] AnalyticsPlugin:253 - Accepted Software Licenses: STM32CubeMX.6.11.1
2024-09-17 15:15:45,782 [INFO] AnalyticsPlugin:255 - Accepted CMSIS Pack Licenses: 
2024-09-17 15:15:45,782 [INFO] AnalyticsPlugin:257 - Accepted Firmware Licenses: FW.F4.1.28.0
2024-09-17 15:15:45,792 [INFO] PluginManage:359 - Loaded plugin analytics (category:tool,tabindex:-1)
2024-09-17 15:15:45,792 [INFO] PluginManage:310 - Check plugin cadmodel
2024-09-17 15:15:45,844 [INFO] CADModel:105 - Init CAD model plugin
2024-09-17 15:15:45,845 [INFO] PluginManage:359 - Loaded plugin cadmodel (category:power,tabindex:5)
2024-09-17 15:15:45,845 [INFO] PluginManage:310 - Check plugin clock
2024-09-17 15:15:45,864 [INFO] PluginManage:359 - Loaded plugin clock (category:base,tabindex:2)
2024-09-17 15:15:45,864 [INFO] PluginManage:310 - Check plugin ddr
2024-09-17 15:15:45,869 [INFO] PluginManage:359 - Loaded plugin ddr (category:tool,tabindex:6)
2024-09-17 15:15:45,869 [INFO] PluginManage:310 - Check plugin filemanager
2024-09-17 15:15:46,232 [INFO] PluginManage:359 - Loaded plugin filemanager (category:base,tabindex:10)
2024-09-17 15:15:46,232 [INFO] PluginManage:310 - Check plugin ipmanager
2024-09-17 15:15:46,245 [INFO] PluginManage:359 - Loaded plugin ipmanager (category:base,tabindex:5)
2024-09-17 15:15:46,245 [INFO] PluginManage:310 - Check plugin lpbam
2024-09-17 15:15:46,258 [INFO] PluginManage:359 - Loaded plugin lpbam (category:base,tabindex:0)
2024-09-17 15:15:46,258 [INFO] PluginManage:310 - Check plugin memorymap
2024-09-17 15:15:46,278 [INFO] PluginManage:359 - Loaded plugin memorymap (category:base,tabindex:4)
2024-09-17 15:15:46,278 [INFO] PluginManage:310 - Check plugin pinoutandconfiguration
2024-09-17 15:15:46,290 [INFO] PluginManage:359 - Loaded plugin pinoutandconfiguration (category:base,tabindex:1)
2024-09-17 15:15:46,291 [INFO] PluginManage:310 - Check plugin pinoutconfig
2024-09-17 15:15:46,563 [WARN] SupportedApi:132 - Cannot load RTOS API schema: s4s-elt-must-match.1: The content of 'definitions' must match (annotation?, (simpleType | complexType)?, (unique | key | keyref)*)). A problem was found starting at: attribute.
2024-09-17 15:15:46,929 [INFO] PluginManage:359 - Loaded plugin pinoutconfig (category:base,tabindex:0)
2024-09-17 15:15:46,929 [INFO] PluginManage:310 - Check plugin power
2024-09-17 15:15:46,952 [INFO] PluginManage:359 - Loaded plugin power (category:power,tabindex:4)
2024-09-17 15:15:46,952 [INFO] PluginManage:310 - Check plugin projectmanager
2024-09-17 15:15:46,982 [INFO] PluginManage:359 - Loaded plugin projectmanager (category:projectmanager,tabindex:3)
2024-09-17 15:15:46,982 [INFO] PluginManage:310 - Check plugin thirdparty
2024-09-17 15:15:47,220 [INFO] PluginManage:359 - Loaded plugin thirdparty (category:base,tabindex:-1)
2024-09-17 15:15:47,221 [INFO] PluginManage:310 - Check plugin tools
2024-09-17 15:15:47,226 [INFO] PluginManage:359 - Loaded plugin tools (category:base,tabindex:7)
2024-09-17 15:15:47,226 [INFO] PluginManage:310 - Check plugin tutovideos
2024-09-17 15:15:47,238 [WARN] IntegrityCheckThread:84 - waiting for thirdparty lock release [integrity check]
2024-09-17 15:15:47,238 [INFO] IntegrityCheckThread:86 - entering critical section [integrity check]
2024-09-17 15:15:47,239 [INFO] ThirdPartyUpdaterWithRetryManager:70 - Updater plugin not ready yet. [1/15]
2024-09-17 15:15:47,550 [INFO] PluginManage:359 - Loaded plugin tutovideos (category:base,tabindex:-1)
2024-09-17 15:15:47,551 [INFO] PluginManage:310 - Check plugin updater
2024-09-17 15:15:47,574 [INFO] PluginManage:359 - Loaded plugin updater (category:base,tabindex:12)
2024-09-17 15:15:47,574 [INFO] PluginManage:310 - Check plugin userauth
2024-09-17 15:15:47,581 [INFO] UserAuth:114 - Init User Auth plugin
2024-09-17 15:15:47,581 [INFO] PluginManage:359 - Loaded plugin userauth (category:base,tabindex:14)
2024-09-17 15:15:47,584 [INFO] PluginManage:283 - PluginManage : Loaded plugins [17]
2024-09-17 15:15:47,928 [INFO] PinOutPanel:1561 - setPackage(No Configuration,No Configuration)
2024-09-17 15:15:48,046 [INFO] CADModel:165 - CPN selected for project level
2024-09-17 15:15:48,046 [INFO] CADModel:114 - Register for checkConnection events
2024-09-17 15:15:48,073 [INFO] IPUIPlugin:80 - create IPUIPlugin
2024-09-17 15:15:48,073 [INFO] PluginManager:220 - loadIPPluginJar : add adc
2024-09-17 15:15:48,078 [INFO] IPUIPlugin:80 - create IPUIPlugin
2024-09-17 15:15:48,078 [INFO] PluginManager:220 - loadIPPluginJar : add aes
2024-09-17 15:15:48,083 [INFO] IPUIPlugin:80 - create IPUIPlugin
2024-09-17 15:15:48,084 [INFO] PluginManager:220 - loadIPPluginJar : add can
2024-09-17 15:15:48,087 [INFO] IPUIPlugin:80 - create IPUIPlugin
2024-09-17 15:15:48,087 [INFO] PluginManager:220 - loadIPPluginJar : add comp
2024-09-17 15:15:48,092 [INFO] IPUIPlugin:80 - create IPUIPlugin
2024-09-17 15:15:48,093 [INFO] PluginManager:220 - loadIPPluginJar : add cryp
2024-09-17 15:15:48,097 [INFO] IPUIPlugin:80 - create IPUIPlugin
2024-09-17 15:15:48,097 [INFO] PluginManager:220 - loadIPPluginJar : add dfsdm
2024-09-17 15:15:48,107 [INFO] IPUIPlugin:80 - create IPUIPlugin
2024-09-17 15:15:48,107 [INFO] PluginManager:220 - loadIPPluginJar : add dma
2024-09-17 15:15:48,112 [INFO] IPUIPlugin:80 - create IPUIPlugin
2024-09-17 15:15:48,112 [INFO] PluginManager:220 - loadIPPluginJar : add dma3
2024-09-17 15:15:48,117 [INFO] IPUIPlugin:80 - create IPUIPlugin
2024-09-17 15:15:48,117 [INFO] PluginManager:220 - loadIPPluginJar : add extmemmanager
2024-09-17 15:15:48,121 [INFO] IPUIPlugin:80 - create IPUIPlugin
2024-09-17 15:15:48,121 [INFO] PluginManager:220 - loadIPPluginJar : add fatfs
2024-09-17 15:15:48,129 [INFO] IPUIPlugin:80 - create IPUIPlugin
2024-09-17 15:15:48,129 [INFO] PluginManager:220 - loadIPPluginJar : add fmc
2024-09-17 15:15:48,139 [INFO] IPUIPlugin:80 - create IPUIPlugin
2024-09-17 15:15:48,139 [INFO] PluginManager:220 - loadIPPluginJar : add freertos
2024-09-17 15:15:48,142 [INFO] IPUIPlugin:80 - create IPUIPlugin
2024-09-17 15:15:48,142 [INFO] PluginManager:220 - loadIPPluginJar : add genericplugin
2024-09-17 15:15:48,146 [INFO] IPUIPlugin:80 - create IPUIPlugin
2024-09-17 15:15:48,146 [INFO] PluginManager:220 - loadIPPluginJar : add gfxmmu
2024-09-17 15:15:48,155 [INFO] IPUIPlugin:80 - create IPUIPlugin
2024-09-17 15:15:48,155 [INFO] PluginManager:220 - loadIPPluginJar : add gic
2024-09-17 15:15:48,161 [INFO] IPUIPlugin:80 - create IPUIPlugin
2024-09-17 15:15:48,162 [INFO] PluginManager:220 - loadIPPluginJar : add gpio
2024-09-17 15:15:48,166 [INFO] IPUIPlugin:80 - create IPUIPlugin
2024-09-17 15:15:48,167 [INFO] PluginManager:220 - loadIPPluginJar : add gtzc
2024-09-17 15:15:48,171 [INFO] IPUIPlugin:80 - create IPUIPlugin
2024-09-17 15:15:48,171 [INFO] PluginManager:220 - loadIPPluginJar : add hash
2024-09-17 15:15:48,176 [INFO] IPUIPlugin:80 - create IPUIPlugin
2024-09-17 15:15:48,176 [INFO] PluginManager:220 - loadIPPluginJar : add i2c
2024-09-17 15:15:48,181 [INFO] IPUIPlugin:80 - create IPUIPlugin
2024-09-17 15:15:48,181 [INFO] PluginManager:220 - loadIPPluginJar : add i2s
2024-09-17 15:15:48,187 [INFO] IPUIPlugin:80 - create IPUIPlugin
2024-09-17 15:15:48,187 [INFO] PluginManager:220 - loadIPPluginJar : add i3c
2024-09-17 15:15:48,200 [INFO] IPUIPlugin:80 - create IPUIPlugin
2024-09-17 15:15:48,200 [INFO] PluginManager:220 - loadIPPluginJar : add ipddr
2024-09-17 15:15:48,211 [INFO] IPUIPlugin:80 - create IPUIPlugin
2024-09-17 15:15:48,211 [INFO] PluginManager:220 - loadIPPluginJar : add linkedlist
2024-09-17 15:15:48,219 [INFO] IPUIPlugin:80 - create IPUIPlugin
2024-09-17 15:15:48,219 [INFO] PluginManager:220 - loadIPPluginJar : add lorawan
2024-09-17 15:15:48,222 [INFO] IPUIPlugin:80 - create IPUIPlugin
2024-09-17 15:15:48,222 [INFO] PluginManager:220 - loadIPPluginJar : add ltdc
2024-09-17 15:15:48,231 [INFO] IPUIPlugin:80 - create IPUIPlugin
2024-09-17 15:15:48,231 [INFO] PluginManager:220 - loadIPPluginJar : add mdma
2024-09-17 15:15:48,237 [INFO] IPUIPlugin:80 - create IPUIPlugin
2024-09-17 15:15:48,237 [INFO] PluginManager:220 - loadIPPluginJar : add nvic
2024-09-17 15:15:48,242 [INFO] IPUIPlugin:80 - create IPUIPlugin
2024-09-17 15:15:48,242 [INFO] PluginManager:220 - loadIPPluginJar : add opamp
2024-09-17 15:15:48,245 [INFO] IPUIPlugin:80 - create IPUIPlugin
2024-09-17 15:15:48,246 [INFO] PluginManager:220 - loadIPPluginJar : add openamp
2024-09-17 15:15:48,250 [INFO] IPUIPlugin:80 - create IPUIPlugin
2024-09-17 15:15:48,250 [INFO] PluginManager:220 - loadIPPluginJar : add pdm2pcm
2024-09-17 15:15:48,262 [INFO] IPUIPlugin:80 - create IPUIPlugin
2024-09-17 15:15:48,268 [INFO] PluginManager:220 - loadIPPluginJar : add plateformsettings
2024-09-17 15:15:48,271 [INFO] IPUIPlugin:80 - create IPUIPlugin
2024-09-17 15:15:48,271 [INFO] PluginManager:220 - loadIPPluginJar : add quadspi
2024-09-17 15:15:48,276 [INFO] IPUIPlugin:80 - create IPUIPlugin
2024-09-17 15:15:48,276 [INFO] PluginManager:220 - loadIPPluginJar : add resmgrutility
2024-09-17 15:15:48,281 [INFO] IPUIPlugin:80 - create IPUIPlugin
2024-09-17 15:15:48,281 [INFO] PluginManager:220 - loadIPPluginJar : add sai
2024-09-17 15:15:48,286 [INFO] IPUIPlugin:80 - create IPUIPlugin
2024-09-17 15:15:48,287 [INFO] PluginManager:220 - loadIPPluginJar : add spi
2024-09-17 15:15:48,295 [INFO] IPUIPlugin:80 - create IPUIPlugin
2024-09-17 15:15:48,295 [INFO] PluginManager:220 - loadIPPluginJar : add stm32_wpan
2024-09-17 15:15:48,298 [INFO] IPUIPlugin:80 - create IPUIPlugin
2024-09-17 15:15:48,298 [INFO] PluginManager:220 - loadIPPluginJar : add tim
2024-09-17 15:15:48,305 [INFO] IPUIPlugin:80 - create IPUIPlugin
2024-09-17 15:15:48,305 [INFO] PluginManager:220 - loadIPPluginJar : add touchsensing
2024-09-17 15:15:48,308 [INFO] IPUIPlugin:80 - create IPUIPlugin
2024-09-17 15:15:48,309 [INFO] PluginManager:220 - loadIPPluginJar : add tracer_emb
2024-09-17 15:15:48,312 [INFO] IPUIPlugin:80 - create IPUIPlugin
2024-09-17 15:15:48,312 [INFO] PluginManager:220 - loadIPPluginJar : add ts
2024-09-17 15:15:48,315 [INFO] IPUIPlugin:80 - create IPUIPlugin
2024-09-17 15:15:48,315 [INFO] PluginManager:220 - loadIPPluginJar : add tsc
2024-09-17 15:15:48,319 [INFO] IPUIPlugin:80 - create IPUIPlugin
2024-09-17 15:15:48,319 [INFO] PluginManager:220 - loadIPPluginJar : add ucpd
2024-09-17 15:15:48,325 [INFO] IPUIPlugin:80 - create IPUIPlugin
2024-09-17 15:15:48,325 [INFO] PluginManager:220 - loadIPPluginJar : add usart
2024-09-17 15:15:48,330 [INFO] IPUIPlugin:80 - create IPUIPlugin
2024-09-17 15:15:48,331 [INFO] PluginManager:220 - loadIPPluginJar : add usbx
2024-09-17 15:15:48,525 [INFO] CADModel:165 - CPN selected for project level
2024-09-17 15:15:48,526 [INFO] CADModel:114 - Register for checkConnection events
2024-09-17 15:15:48,526 [FATAL] Updater:308 - Updater called before beeing initialized
2024-09-17 15:15:48,526 [ERROR] CADModel:125 - Updater not yet initialized, retry later 
2024-09-17 15:15:48,736 [INFO] CADModel:165 - CPN selected for project level
2024-09-17 15:15:48,736 [INFO] CADModel:114 - Register for checkConnection events
2024-09-17 15:15:48,736 [FATAL] Updater:308 - Updater called before beeing initialized
2024-09-17 15:15:48,737 [ERROR] CADModel:125 - Updater not yet initialized, retry later 
2024-09-17 15:15:48,742 [FATAL] Updater:308 - Updater called before beeing initialized
2024-09-17 15:15:48,936 [FATAL] Updater:308 - Updater called before beeing initialized
2024-09-17 15:15:48,943 [INFO] DbMcusAds:53 - JSON generation date=Mon Sep 16 10:40:22 EDT 2024 (1726497622318)
2024-09-17 15:15:48,943 [FATAL] Updater:308 - Updater called before beeing initialized
2024-09-17 15:15:48,991 [WARN] DetailPanel:346 - Failed to get advertising image, set to default
2024-09-17 15:15:49,113 [FATAL] Updater:308 - Updater called before beeing initialized
2024-09-17 15:15:49,116 [FATAL] Updater:308 - Updater called before beeing initialized
2024-09-17 15:15:49,116 [FATAL] Updater:308 - Updater called before beeing initialized
2024-09-17 15:15:49,116 [WARN] DetailPanel:346 - Failed to get advertising image, set to default
2024-09-17 15:15:49,118 [FATAL] Updater:308 - Updater called before beeing initialized
2024-09-17 15:15:49,224 [ERROR] Updater:1120 - MainUpdater not yet initialized. External WinMGr cannot be set.
2024-09-17 15:15:49,228 [INFO] Updater:1056 - Updater Version found : 6.11.1
2024-09-17 15:15:49,254 [INFO] ApplicationProperties:184 - Using Application install path: C:\ST\STM32CubeIDE_1.15.1\STM32CubeIDE\plugins\com.st.stm32cube.common.mx_6.11.1.202404110753
2024-09-17 15:15:49,804 [INFO] MainUpdater:2873 - connection check result : 10
2024-09-17 15:15:49,806 [INFO] MainUpdater:290 - Updater Check For Update Now.
2024-09-17 15:15:49,806 [INFO] MicroXplorer:498 - Change Database Version : DB.6.0.111
2024-09-17 15:15:50,061 [INFO] CheckServerUpdateThread:120 - End of CheckServer Thread
2024-09-17 15:15:50,249 [INFO] MainUpdater:2873 - connection check result : 10
2024-09-17 15:15:50,468 [INFO] MainUpdater:2873 - connection check result : 10
2024-09-17 15:15:50,571 [INFO] MicroXplorer:468 - Change Database Path : 
2024-09-17 15:15:50,571 [INFO] MicroXplorer:498 - Change Database Version : DB.6.0.111
2024-09-17 15:15:50,586 [WARN] ThirdParty:871 - waiting for thirdparty lock release [close project]
2024-09-17 15:15:50,786 [WARN] PackLoader:240 - Cannot read IP mode file for STMicroelectronics.FP-SNS-MOTENVWB1.1.4.0
2024-09-17 15:15:50,815 [WARN] PackLoader:240 - Cannot read IP mode file for STMicroelectronics.X-CUBE-SMBUS.2.1.0
2024-09-17 15:15:50,824 [WARN] PackLoader:240 - Cannot read IP mode file for STMicroelectronics.X-CUBE-TOUCHGFX.4.23.2
2024-09-17 15:15:50,899 [WARN] PackLoader:240 - Cannot read IP mode file for STMicroelectronics.X-CUBE-AZRTOS-F7.1.1.0
2024-09-17 15:15:51,151 [WARN] PackLoader:240 - Cannot read IP mode file for STMicroelectronics.X-CUBE-MEMS1.11.0.0
2024-09-17 15:15:51,440 [WARN] PackLoader:240 - Cannot read IP mode file for STMicroelectronics.FP-SNS-FLIGHT1.5.0.2
2024-09-17 15:15:51,456 [WARN] PackLoader:240 - Cannot read IP mode file for STMicroelectronics.X-CUBE-DISPLAY.3.0.0
2024-09-17 15:15:51,469 [WARN] PackLoader:240 - Cannot read IP mode file for STMicroelectronics.X-CUBE-BLE1.7.0.0
2024-09-17 15:15:51,476 [WARN] PackLoader:240 - Cannot read IP mode file for emotas.I-CUBE-CANOPEN.1.3.0
2024-09-17 15:15:51,493 [WARN] PackLoader:240 - Cannot read IP mode file for STMicroelectronics.X-CUBE-BLEMGR.3.1.0
2024-09-17 15:15:51,508 [WARN] PackLoader:240 - Cannot read IP mode file for STMicroelectronics.FP-SNS-SMARTAG2.1.2.0
2024-09-17 15:15:51,526 [INFO] LogOutputStream:77 - [STDOUT_REDIRECT] 1 : Invalid condition id : UX_CORESTACK_Condition cause : null
2024-09-17 15:15:51,527 [INFO] LogOutputStream:77 - [STDOUT_REDIRECT] 1 : Invalid condition id : UX_CORESTACK_Condition cause : null
2024-09-17 15:15:51,529 [INFO] LogOutputStream:77 - [STDOUT_REDIRECT] 1 : Invalid condition id : UX_CORESTACK_Condition cause : null
2024-09-17 15:15:51,532 [INFO] LogOutputStream:77 - [STDOUT_REDIRECT] 1 : Invalid condition id : UX_CORESTACK_Condition cause : null
2024-09-17 15:15:51,535 [INFO] LogOutputStream:77 - [STDOUT_REDIRECT] 1 : Invalid condition id : UX_CORESTACK_Condition cause : null
2024-09-17 15:15:51,542 [WARN] PackLoader:240 - Cannot read IP mode file for STMicroelectronics.X-CUBE-AZRTOS-WL.2.0.0
2024-09-17 15:15:51,553 [WARN] PackLoader:240 - Cannot read IP mode file for STMicroelectronics.FP-SNS-MOTENV1.5.0.0
2024-09-17 15:15:51,580 [WARN] PackLoader:240 - Cannot read IP mode file for wolfSSL.I-CUBE-wolfMQTT.1.19.0
2024-09-17 15:15:51,592 [WARN] PackLoader:240 - Cannot read IP mode file for WES.I-CUBE-Cesium.1.3.0
2024-09-17 15:15:51,601 [WARN] PackLoader:240 - Cannot read IP mode file for STMicroelectronics.X-CUBE-BLE2.3.3.0
2024-09-17 15:15:51,610 [WARN] PackLoader:240 - Cannot read IP mode file for STMicroelectronics.X-CUBE-TCPP.4.1.0
2024-09-17 15:15:51,641 [WARN] PackLoader:240 - Cannot read IP mode file for STMicroelectronics.X-CUBE-AZRTOS-G0.1.1.0
2024-09-17 15:15:51,657 [WARN] PackLoader:240 - Cannot read IP mode file for STMicroelectronics.X-CUBE-SAFEA1.1.2.2
2024-09-17 15:15:51,668 [WARN] PackLoader:240 - Cannot read IP mode file for STMicroelectronics.X-CUBE-NFC4.3.0.0
2024-09-17 15:15:51,674 [WARN] PackLoader:240 - Cannot read IP mode file for wolfSSL.I-CUBE-wolfMQTT.1.18.0
2024-09-17 15:15:51,690 [WARN] PackLoader:240 - Cannot read IP mode file for EmbeddedOffice.I-CUBE-FS-RTOS.1.0.1
2024-09-17 15:15:51,690 [ERROR] ConditionMgr:805 - Attr not supported : Dmpu
2024-09-17 15:15:51,691 [ERROR] ConditionMgr:805 - Attr not supported : Dmpu
2024-09-17 15:15:51,691 [ERROR] ConditionMgr:805 - Attr not supported : Dmpu
2024-09-17 15:15:51,691 [ERROR] ConditionMgr:805 - Attr not supported : Dmpu
2024-09-17 15:15:51,691 [ERROR] ConditionMgr:805 - Attr not supported : Dmpu
2024-09-17 15:15:51,691 [ERROR] ConditionMgr:805 - Attr not supported : Dmpu
2024-09-17 15:15:51,691 [ERROR] ConditionMgr:805 - Attr not supported : Dmpu
2024-09-17 15:15:51,691 [ERROR] ConditionMgr:805 - Attr not supported : Dmpu
2024-09-17 15:15:51,691 [ERROR] ConditionMgr:805 - Attr not supported : Dmpu
2024-09-17 15:15:51,691 [ERROR] ConditionMgr:805 - Attr not supported : Dmpu
2024-09-17 15:15:51,692 [ERROR] ConditionMgr:805 - Attr not supported : Dmpu
2024-09-17 15:15:51,692 [ERROR] ConditionMgr:805 - Attr not supported : Dmpu
2024-09-17 15:15:51,692 [ERROR] ConditionMgr:805 - Attr not supported : Dmpu
2024-09-17 15:15:51,692 [ERROR] ConditionMgr:805 - Attr not supported : Dmpu
2024-09-17 15:15:51,692 [ERROR] ConditionMgr:805 - Attr not supported : Dmpu
2024-09-17 15:15:51,692 [ERROR] ConditionMgr:805 - Attr not supported : Dmpu
2024-09-17 15:15:51,692 [ERROR] ConditionMgr:805 - Attr not supported : Dmpu
2024-09-17 15:15:51,692 [ERROR] ConditionMgr:805 - Attr not supported : Dmpu
2024-09-17 15:15:51,692 [ERROR] ConditionMgr:805 - Attr not supported : Dmpu
2024-09-17 15:15:51,693 [ERROR] ConditionMgr:805 - Attr not supported : Dmpu
2024-09-17 15:15:51,693 [ERROR] ConditionMgr:805 - Attr not supported : Dmpu
2024-09-17 15:15:51,693 [ERROR] ConditionMgr:805 - Attr not supported : Dmpu
2024-09-17 15:15:51,693 [ERROR] ConditionMgr:805 - Attr not supported : Dmpu
2024-09-17 15:15:51,693 [ERROR] ConditionMgr:805 - Attr not supported : Dmpu
2024-09-17 15:15:51,693 [ERROR] ConditionMgr:805 - Attr not supported : Dmpu
2024-09-17 15:15:51,693 [ERROR] ConditionMgr:805 - Attr not supported : Dmpu
2024-09-17 15:15:51,693 [ERROR] ConditionMgr:805 - Attr not supported : Dmpu
2024-09-17 15:15:51,694 [ERROR] ConditionMgr:805 - Attr not supported : Dmpu
2024-09-17 15:15:51,694 [ERROR] ConditionMgr:805 - Attr not supported : Dmpu
2024-09-17 15:15:51,694 [ERROR] ConditionMgr:805 - Attr not supported : Dmpu
2024-09-17 15:15:51,694 [ERROR] ConditionMgr:805 - Attr not supported : Dmpu
2024-09-17 15:15:51,694 [ERROR] ConditionMgr:805 - Attr not supported : Dmpu
2024-09-17 15:15:51,694 [ERROR] ConditionMgr:805 - Attr not supported : Dmpu
2024-09-17 15:15:51,694 [ERROR] ConditionMgr:805 - Attr not supported : Dmpu
2024-09-17 15:15:51,694 [ERROR] ConditionMgr:805 - Attr not supported : Dmpu
2024-09-17 15:15:51,694 [ERROR] ConditionMgr:805 - Attr not supported : Dmpu
2024-09-17 15:15:51,695 [ERROR] ConditionMgr:805 - Attr not supported : Dmpu
2024-09-17 15:15:51,695 [ERROR] ConditionMgr:805 - Attr not supported : Dmpu
2024-09-17 15:15:51,695 [ERROR] ConditionMgr:805 - Attr not supported : Dmpu
2024-09-17 15:15:51,695 [ERROR] ConditionMgr:805 - Attr not supported : Dmpu
2024-09-17 15:15:51,695 [ERROR] ConditionMgr:805 - Attr not supported : Dmpu
2024-09-17 15:15:51,695 [ERROR] ConditionMgr:805 - Attr not supported : Dmpu
2024-09-17 15:15:51,695 [ERROR] ConditionMgr:805 - Attr not supported : Dmpu
2024-09-17 15:15:51,696 [ERROR] ConditionMgr:805 - Attr not supported : Dmpu
2024-09-17 15:15:51,696 [ERROR] ConditionMgr:805 - Attr not supported : Dmpu
2024-09-17 15:15:51,696 [ERROR] ConditionMgr:805 - Attr not supported : Dmpu
2024-09-17 15:15:51,696 [ERROR] ConditionMgr:805 - Attr not supported : Dmpu
2024-09-17 15:15:51,696 [ERROR] ConditionMgr:805 - Attr not supported : Dmpu
2024-09-17 15:15:51,696 [ERROR] ConditionMgr:805 - Attr not supported : Dmpu
2024-09-17 15:15:51,696 [ERROR] ConditionMgr:805 - Attr not supported : Dmpu
2024-09-17 15:15:51,696 [ERROR] ConditionMgr:805 - Attr not supported : Dmpu
2024-09-17 15:15:51,696 [ERROR] ConditionMgr:805 - Attr not supported : Dmpu
2024-09-17 15:15:51,697 [ERROR] ConditionMgr:805 - Attr not supported : Dmpu
2024-09-17 15:15:51,697 [ERROR] ConditionMgr:805 - Attr not supported : Dmpu
2024-09-17 15:15:51,697 [ERROR] ConditionMgr:805 - Attr not supported : Dmpu
2024-09-17 15:15:51,697 [ERROR] ConditionMgr:805 - Attr not supported : Dmpu
2024-09-17 15:15:51,697 [ERROR] ConditionMgr:805 - Attr not supported : Dmpu
2024-09-17 15:15:51,698 [ERROR] ConditionMgr:805 - Attr not supported : Dmpu
2024-09-17 15:15:51,698 [ERROR] ConditionMgr:805 - Attr not supported : Dmpu
2024-09-17 15:15:51,698 [ERROR] ConditionMgr:805 - Attr not supported : Dmpu
2024-09-17 15:15:51,698 [ERROR] ConditionMgr:805 - Attr not supported : Dmpu
2024-09-17 15:15:51,698 [ERROR] ConditionMgr:805 - Attr not supported : Dmpu
2024-09-17 15:15:51,698 [ERROR] ConditionMgr:805 - Attr not supported : Dmpu
2024-09-17 15:15:51,698 [ERROR] ConditionMgr:805 - Attr not supported : Dmpu
2024-09-17 15:15:51,706 [WARN] PackLoader:240 - Cannot read IP mode file for RealThread.X-CUBE-RT-Thread_Nano.4.1.1
2024-09-17 15:15:51,712 [WARN] PackLoader:240 - Cannot read IP mode file for wolfSSL.I-CUBE-wolfSSL.5.7.0
2024-09-17 15:15:51,720 [WARN] PackLoader:240 - Cannot read IP mode file for STMicroelectronics.FP-ATR-SIGFOX1.3.2.0
2024-09-17 15:15:51,728 [WARN] PackLoader:240 - Cannot read IP mode file for STMicroelectronics.X-CUBE-EEPRMA1.5.1.0
2024-09-17 15:15:51,743 [WARN] PackLoader:240 - Cannot read IP mode file for ITTIA_DB.I-CUBE-ITTIADB.8.9.0
2024-09-17 15:15:51,885 [WARN] PackLoader:240 - Cannot read IP mode file for SEGGER.I-CUBE-embOS.1.3.1
2024-09-17 15:15:52,004 [WARN] PackLoader:240 - Cannot read IP mode file for STMicroelectronics.X-CUBE-ALGOBUILD.1.4.0
2024-09-17 15:15:52,015 [WARN] PackLoader:240 - Cannot read IP mode file for STMicroelectronics.X-CUBE-GNSS1.6.0.0
2024-09-17 15:15:52,045 [WARN] PackLoader:240 - Cannot read IP mode file for STMicroelectronics.X-CUBE-AZRTOS-F4.1.1.0
2024-09-17 15:15:52,056 [WARN] PackLoader:240 - Cannot read IP mode file for STMicroelectronics.X-CUBE-ISPU.2.1.0
2024-09-17 15:15:52,066 [WARN] PackLoader:240 - Cannot read IP mode file for STMicroelectronics.X-CUBE-FREERTOS.1.2.0
2024-09-17 15:15:52,117 [WARN] PackLoader:240 - Cannot read IP mode file for STMicroelectronics.X-CUBE-AZRTOS-L5.2.0.0
2024-09-17 15:15:52,133 [WARN] PackLoader:240 - Cannot read IP mode file for STMicroelectronics.X-CUBE-NFC6.3.1.0
2024-09-17 15:15:52,145 [WARN] PackLoader:240 - Cannot read IP mode file for STMicroelectronics.X-CUBE-DPower.1.2.0
2024-09-17 15:15:52,151 [WARN] PackLoader:240 - Cannot read IP mode file for STMicroelectronics.X-CUBE-AI.9.0.0
2024-09-17 15:15:52,160 [WARN] PackLoader:240 - Cannot read IP mode file for STMicroelectronics.X-CUBE-NFC7.1.0.1
2024-09-17 15:15:52,168 [WARN] PackLoader:240 - Cannot read IP mode file for wolfSSL.I-CUBE-wolfTPM.3.2.0
2024-09-17 15:15:52,201 [WARN] ConditionMgr:438 - getConditionDescription Invalid condition id : LAN8742 Phy interface Condition cause : null
2024-09-17 15:15:52,202 [WARN] PackLoader:240 - Cannot read IP mode file for STMicroelectronics.X-CUBE-AZRTOS-L4.2.0.0
2024-09-17 15:15:52,204 [WARN] ConditionMgr:1039 - genDependencies : Invalid condition id : LAN8742 Phy interface Condition cause : null
2024-09-17 15:15:52,205 [WARN] ConditionMgr:1039 - genDependencies : Invalid condition id : LAN8742 Phy interface Condition cause : null
2024-09-17 15:15:52,206 [WARN] ConditionMgr:1039 - genDependencies : Invalid condition id : LAN8742 Phy interface Condition cause : null
2024-09-17 15:15:52,244 [WARN] PackLoader:240 - Cannot read IP mode file for STMicroelectronics.X-CUBE-SFXS2LP1.4.0.0
2024-09-17 15:15:52,288 [WARN] PackLoader:240 - Cannot read IP mode file for STMicroelectronics.X-CUBE-AZRTOS-H7.3.3.0
2024-09-17 15:15:52,319 [WARN] ConditionMgr:438 - getConditionDescription Invalid condition id : UX DEVICE CLASS RTOS Condition cause : null
2024-09-17 15:15:52,320 [WARN] ConditionMgr:438 - getConditionDescription Invalid condition id : UX DEVICE CLASS RTOS Condition cause : null
2024-09-17 15:15:52,324 [WARN] PackLoader:240 - Cannot read IP mode file for STMicroelectronics.X-CUBE-AZRTOS-WB.2.0.0
2024-09-17 15:15:52,324 [WARN] ConditionMgr:1039 - genDependencies : Invalid condition id : UX DEVICE CLASS RTOS Condition cause : null
2024-09-17 15:15:52,325 [WARN] ConditionMgr:1039 - genDependencies : Invalid condition id : UX DEVICE CLASS RTOS Condition cause : null
2024-09-17 15:15:52,325 [WARN] ConditionMgr:1039 - genDependencies : Invalid condition id : UX DEVICE CLASS RTOS Condition cause : null
2024-09-17 15:15:52,325 [WARN] ConditionMgr:1039 - genDependencies : Invalid condition id : UX DEVICE CLASS RTOS Condition cause : null
2024-09-17 15:15:52,326 [WARN] ConditionMgr:1039 - genDependencies : Invalid condition id : UX DEVICE CLASS RTOS Condition cause : null
2024-09-17 15:15:52,334 [WARN] PackLoader:240 - Cannot read IP mode file for STMicroelectronics.X-CUBE-GNSS1.7.0.0
2024-09-17 15:15:52,358 [WARN] PackLoader:240 - Cannot read IP mode file for STMicroelectronics.FP-SNS-STBOX1.2.0.0
2024-09-17 15:15:52,384 [WARN] PackLoader:240 - Cannot read IP mode file for STMicroelectronics.X-CUBE-SUBG2.5.0.0
2024-09-17 15:15:52,398 [WARN] PackLoader:240 - Cannot read IP mode file for Cesanta.I-CUBE-Mongoose.7.13.0
2024-09-17 15:15:52,427 [WARN] PackLoader:240 - Cannot read IP mode file for STMicroelectronics.X-CUBE-AZRTOS-G4.2.0.0
2024-09-17 15:15:52,439 [WARN] PackLoader:240 - Cannot read IP mode file for STMicroelectronics.X-CUBE-ISPU.2.0.0
2024-09-17 15:15:52,446 [WARN] PackLoader:240 - Cannot read IP mode file for STMicroelectronics.X-CUBE-ALS.1.0.2
2024-09-17 15:15:52,539 [WARN] PackLoader:240 - Cannot read IP mode file for STMicroelectronics.X-CUBE-MEMS1.10.0.0
2024-09-17 15:15:52,766 [WARN] PackLoader:240 - Cannot read IP mode file for STMicroelectronics.X-CUBE-TOUCHGFX.4.24.0
2024-09-17 15:15:52,775 [WARN] PackLoader:240 - Cannot read IP mode file for portGmbH.I-Cube-SoM-uGOAL.1.1.0
2024-09-17 15:15:52,783 [WARN] PackLoader:240 - Cannot read IP mode file for STMicroelectronics.X-CUBE-ALS.1.0.1
2024-09-17 15:15:52,818 [WARN] PackLoader:240 - Cannot read IP mode file for STMicroelectronics.X-CUBE-AZRTOS-H7RS.1.0.0
2024-09-17 15:15:52,826 [WARN] PackLoader:240 - Cannot read IP mode file for STMicroelectronics.FP-ATR-ASTRA1.2.0.0
2024-09-17 15:15:52,842 [WARN] PackLoader:240 - Cannot read IP mode file for STMicroelectronics.X-CUBE-TOF1.3.4.2
2024-09-17 15:15:52,874 [WARN] PackLoader:240 - Cannot read IP mode file for STMicroelectronics.X-CUBE-TOF1.3.4.1
2024-09-17 15:15:52,911 [WARN] PackLoader:240 - Cannot read IP mode file for STMicroelectronics.X-CUBE-AZRTOS-H7.3.2.0
2024-09-17 15:15:52,933 [WARN] PackLoader:240 - Cannot read IP mode file for Infineon.AIROC-Wi-Fi-Bluetooth-STM32.1.6.0
2024-09-17 15:15:52,950 [WARN] PackLoader:240 - Cannot read IP mode file for wolfSSL.I-CUBE-wolfSSH.1.4.17
2024-09-17 15:15:52,951 [INFO] ThirdParty:978 - Integrity check success = true
2024-09-17 15:15:52,951 [INFO] IntegrityCheckThread:100 - exiting critical section [integrity check]
2024-09-17 15:15:52,951 [INFO] IntegrityCheckThread:103 - End integrity checks thread
2024-09-17 15:15:52,951 [INFO] ThirdParty:873 - entering critical section [close project]
2024-09-17 15:15:52,952 [INFO] ThirdParty:883 - exiting critical section [close project]
2024-09-17 15:15:52,956 [INFO] PinOutPanel:1561 - setPackage(No Configuration,No Configuration)
2024-09-17 15:15:52,961 [INFO] UtilMem:75 - Begin LoadConfig() Used Memory: 103745632 Bytes (268435456)
2024-09-17 15:15:52,963 [INFO] MicroXplorer:468 - Change Database Path : 
2024-09-17 15:15:52,963 [INFO] MicroXplorer:498 - Change Database Version : DB.6.0.111
2024-09-17 15:15:52,963 [INFO] OpenFileManager:312 - Change cursor
2024-09-17 15:15:53,022 [INFO] Mcu:2021 - Initializing MCU STM32F446R(C-E)Tx STM32F446RETx STM32F446RET6
2024-09-17 15:15:56,106 [INFO] Context:663 - Trying to add GPIOservice into a context  which must be forbidden
2024-09-17 15:15:57,683 [INFO] RtosManager:555 - Registered RTOS mode: class=CMSIS, group=RTOS, mode=CMSIS_V1, owner=FREERTOS
2024-09-17 15:15:57,683 [INFO] RtosManager:555 - Registered RTOS mode: class=CMSIS, group=RTOS2, mode=CMSIS_V2, owner=FREERTOS
2024-09-17 15:15:57,683 [INFO] RtosManager:555 - Registered RTOS mode: class=RTOS, group=Core, mode=CMSIS_V1, owner=FREERTOS
2024-09-17 15:15:57,683 [INFO] RtosManager:555 - Registered RTOS mode: class=RTOS, group=Core, mode=CMSIS_V2, owner=FREERTOS
2024-09-17 15:15:57,684 [WARN] ModelIntegratedComponent:184 - Missing modes for component STMicroelectronics:FreeRTOS:0.0.1:STMicroelectronics:RTOS:FreeRTOS:Core:::10.2.0:
2024-09-17 15:15:57,705 [WARN] ModelIntegratedComponent:63 - No mode defined for component null
2024-09-17 15:15:57,705 [WARN] ModelIntegratedComponent:63 - No mode defined for component null
2024-09-17 15:15:57,705 [WARN] ModelIntegratedComponent:63 - No mode defined for component null
2024-09-17 15:15:57,705 [WARN] ModelIntegratedComponent:63 - No mode defined for component null
2024-09-17 15:15:57,705 [WARN] ModelIntegratedComponent:63 - No mode defined for component null
2024-09-17 15:15:57,706 [WARN] ModelIntegratedComponent:63 - No mode defined for component null
2024-09-17 15:15:57,706 [WARN] ModelIntegratedComponent:63 - No mode defined for component null
2024-09-17 15:15:57,706 [WARN] ModelIntegratedComponent:63 - No mode defined for component null
2024-09-17 15:15:57,706 [WARN] ModelIntegratedComponent:63 - No mode defined for component null
2024-09-17 15:15:57,706 [WARN] ModelIntegratedComponent:63 - No mode defined for component null
2024-09-17 15:15:57,706 [WARN] ModelIntegratedComponent:63 - No mode defined for component null
2024-09-17 15:15:57,706 [WARN] ModelIntegratedComponent:63 - No mode defined for component null
2024-09-17 15:15:57,706 [WARN] ModelIntegratedComponent:63 - No mode defined for component null
2024-09-17 15:15:57,706 [WARN] ModelIntegratedComponent:63 - No mode defined for component null
2024-09-17 15:15:57,706 [WARN] ModelIntegratedComponent:63 - No mode defined for component null
2024-09-17 15:15:57,706 [WARN] ModelIntegratedComponent:63 - No mode defined for component null
2024-09-17 15:15:57,706 [WARN] ModelIntegratedComponent:63 - No mode defined for component null
2024-09-17 15:15:57,707 [WARN] ModelIntegratedComponent:63 - No mode defined for component null
2024-09-17 15:15:57,707 [WARN] ModelIntegratedComponent:63 - No mode defined for component null
2024-09-17 15:15:57,707 [WARN] ModelIntegratedComponent:63 - No mode defined for component null
2024-09-17 15:15:57,707 [WARN] ModelIntegratedComponent:63 - No mode defined for component null
2024-09-17 15:15:57,707 [WARN] ModelIntegratedComponent:63 - No mode defined for component null
2024-09-17 15:15:57,707 [WARN] ModelIntegratedComponent:63 - No mode defined for component null
2024-09-17 15:15:57,707 [WARN] ModelIntegratedComponent:63 - No mode defined for component null
2024-09-17 15:15:57,707 [WARN] ModelIntegratedComponent:63 - No mode defined for component null
2024-09-17 15:15:57,707 [WARN] ModelIntegratedComponent:63 - No mode defined for component null
2024-09-17 15:15:57,707 [WARN] ModelIntegratedComponent:63 - No mode defined for component null
2024-09-17 15:15:57,707 [WARN] ModelIntegratedComponent:63 - No mode defined for component null
2024-09-17 15:15:57,708 [WARN] ModelIntegratedComponent:63 - No mode defined for component null
2024-09-17 15:15:57,708 [WARN] ModelIntegratedComponent:63 - No mode defined for component null
2024-09-17 15:15:57,708 [WARN] ModelIntegratedComponent:63 - No mode defined for component null
2024-09-17 15:15:57,708 [WARN] ModelIntegratedComponent:63 - No mode defined for component null
2024-09-17 15:15:57,708 [WARN] ModelIntegratedComponent:63 - No mode defined for component null
2024-09-17 15:15:57,708 [WARN] ModelIntegratedComponent:63 - No mode defined for component null
2024-09-17 15:15:57,893 [INFO] ThirdPartyModel:298 - Start build external matchings
2024-09-17 15:15:58,723 [INFO] ThirdPartyModel:316 - End build external matchings
2024-09-17 15:15:59,542 [INFO] ApiDb:581 - Connected to CubeFinder SQLite database (C:\Users\tommy\.stmcufinder\plugins\mcufinder\mcu\cube-finder-db.db)
2024-09-17 15:15:59,647 [INFO] ApiDb:668 - CubeFinder database Data Model version=2.1
2024-09-17 15:15:59,647 [INFO] ApiDb:669 - CubeFinder database Configuration version=3.0.39
2024-09-17 15:15:59,648 [INFO] ApiDb:670 - CubeFinder database generation date=2024-08-06 (1722941618)
2024-09-17 15:15:59,648 [INFO] ApiDb:671 - CubeFinder database FW Pack versions=[FP-ATR-ASTRA1_V2.0.0, FP-SNS-FLIGHT1_V5.0.2, FP-SNS-MOTENV1_V5.0.0, FP-SNS-MOTENVWB1_V1.4.0, FP-SNS-SMARTAG2_V1.2.0, FP-SNS-STBOX1_V2.0.0, STM32Cube_FW_C0_V1.2.0, STM32Cube_FW_F4_V1.28.0, STM32Cube_FW_F7_V1.17.2, STM32Cube_FW_G0_V1.6.2, STM32Cube_FW_G4_V1.6.0, STM32Cube_FW_H5_V1.3.0, STM32Cube_FW_H7RS_V1.1.0, STM32Cube_FW_H7_V1.11.2, STM32Cube_FW_L0_V1.12.2, STM32Cube_FW_L5_V1.5.1, STM32Cube_FW_U0_V1.1.0, STM32Cube_FW_U5_V1.6.0, STM32Cube_FW_WB0_V1.0.0, STM32Cube_FW_WBA_V1.4.1, STM32Cube_FW_WB_V1.20.0, STM32Cube_FW_WL_V1.3.0, X-CUBE-ALGOBUILD_V1.4.0, X-CUBE-ALS_V1.0.2, X-CUBE-AZRTOS-F4_V1.1.0, X-CUBE-AZRTOS-F7_V1.1.0, X-CUBE-AZRTOS-G0_V1.1.0, X-CUBE-AZRTOS-G4_V2.0.0, X-CUBE-AZRTOS-H7RS_V1.0.0, X-CUBE-AZRTOS-H7_V3.2.0, X-CUBE-AZRTOS-L4_V2.0.0, X-CUBE-AZRTOS-L5_V1.1.0, X-CUBE-AZRTOS-WB_V2.0.0, X-CUBE-AZRTOS-WL_V2.0.0, X-CUBE-BLE1_V7.0.0, X-CUBE-BLE2_V3.3.0, X-CUBE-BLEMGR_V3.1.0, X-CUBE-EEPRMA1_V5.1.0, X-CUBE-FREERTOS_V1.2.0, X-CUBE-GNSS1_V6.0.0, X-CUBE-MEMS1_V10.0.0, X-CUBE-NFC4_V3.0.0, X-CUBE-NFC7_V1.0.1, X-CUBE-SFXS2LP1_V4.0.0, X-CUBE-SUBG2_V5.0.0, X-CUBE-TOF1_V3.4.2]
2024-09-17 15:15:59,772 [INFO] DbBoardsSqlite:226 - include board P-NUCLEO-WB55-NUCLEO as a kit item of type 'Nucleo-64'
2024-09-17 15:15:59,773 [INFO] DbBoardsSqlite:226 - include board P-NUCLEO-WB55-USBDONGLE as a kit item of type 'Nucleo USB Dongle'
2024-09-17 15:15:59,773 [INFO] DbBoardsSqlite:226 - include board STEVAL-IDP005V1 as a kit item of type 'Evaluation Board'
2024-09-17 15:15:59,774 [INFO] DbBoardsSqlite:226 - include board STEVAL-IDP005V2 as a kit item of type 'Evaluation Board'
2024-09-17 15:15:59,870 [INFO] ApiDb:240 - Found 483 in-development CPN: [B-G473E-ZEST1S, B-WB1M-WPAN1, B-WL5M-SUBG1, NUCLEO-C031C6, NUCLEO-H503RB, NUCLEO-H533RE, NUCLEO-H563ZI, NUCLEO-H7S3L8, NUCLEO-U031R8, NUCLEO-U083RC, NUCLEO-U545RE-Q, NUCLEO-U5A5ZJ-Q, NUCLEO-WBA52CG, NUCLEO-WBA55CG, STEVAL-PROTEUS1, STEVAL-SMARTAG2, STEVAL-STWINBX1, STM320518-EVAL, STM32C0116-DK, STM32C011D6Y3TR, STM32C011D6Y6TR, STM32C011F4P3, STM32C011F4P6, STM32C011F4U3, STM32C011F4U6TR, STM32C011F6P3, STM32C011F6P6, STM32C011F6U3, STM32C011F6U6TR, STM32C011J4M3, STM32C011J4M6, STM32C011J6M3, STM32C011J6M6, STM32C0316-DK, STM32C031C4T3, STM32C031C4T6, STM32C031C4U3, STM32C031C4U6, STM32C031C6T3, STM32C031C6T6, STM32C031C6U3, STM32C031C6U6, STM32C031F4P3, STM32C031F4P6, STM32C031F6P3, STM32C031F6P6, STM32C031G4U3, STM32C031G4U6, STM32C031G6U3, STM32C031G6U6, STM32C031K4T3, STM32C031K4T6, STM32C031K4U3, STM32C031K4U6, STM32C031K6T3, STM32C031K6T6, STM32C031K6U3, STM32C031K6U6, STM32G071K8TXN, STM32G071K8UXN, STM32G081GBU6N, STM32G081KBT6N, STM32G081KBUXN, STM32G0B1CCT6N, STM32G0B1KCT6, STM32G0B1NEY6TR, STM32G0B1RCT6N, STM32G0C1CCT6, STM32G0C1CCT6N, STM32G0C1CCU6N, STM32G0C1CET6N, STM32G0C1CEU6N, STM32G0C1KCT6, STM32G0C1NEY6TR, STM32G0C1RCI6N, STM32G0C1RCT6N, STM32G0C1REI6N, STM32G0C1RET6N, STM32G0C1VCI6, STM32G0C1VEI6, STM32G471CCT6, STM32G471CCU6, STM32G471CET3, STM32G471CET6, STM32G471CEU3, STM32G471CEU6, STM32G471MCT6, STM32G471MET3, STM32G471MET6, STM32G471MEY6TR, STM32G471QCT6, STM32G471QET3, STM32G471RCT6, STM32G471RET3, STM32G471RET6, STM32G471VCH6, STM32G471VCI6, STM32G471VCT6, STM32G471VEH3, STM32G471VEH6, STM32G471VEI3, STM32G471VEI6, STM32G471VET3, STM32G471VET6, STM32G474CCT6, STM32H503CBT6, STM32H503CBU6, STM32H503EBY6TR, STM32H503KBU6, STM32H503RBT6, STM32H523CCT6, STM32H523CCU6, STM32H523CET6, STM32H523CEU6, STM32H523HEY6TR, STM32H523RCT6, STM32H523RET6, STM32H523VCI6, STM32H523VCT6, STM32H523VEI6, STM32H523VET6, STM32H523ZCJ6, STM32H523ZCT6, STM32H523ZEJ6, STM32H523ZET6, STM32H533CET6, STM32H533CEU6, STM32H533HEY6TR, STM32H533RET6, STM32H533VEI6, STM32H533VET6, STM32H533ZEJ6, STM32H533ZET6, STM32H562AGI6, STM32H562AII6, STM32H562IGK6, STM32H562IGT6, STM32H562IIK6, STM32H562IIT6, STM32H562RGT6, STM32H562RGV6, STM32H562RIT6, STM32H562RIV6, STM32H562VGT6, STM32H562VIT6, STM32H562ZGT6, STM32H562ZIT6, STM32H563AGI6, STM32H563AII3Q, STM32H563AII6, STM32H563IGK6, STM32H563IGT6, STM32H563IIK3Q, STM32H563IIK6, STM32H563IIT3Q, STM32H563IIT6, STM32H563MIY3QTR, STM32H563RGT6, STM32H563RGV6, STM32H563RIT6, STM32H563RIV6, STM32H563VGT6, STM32H563VIT3Q, STM32H563VIT6, STM32H563ZGT6, STM32H563ZIT3Q, STM32H563ZIT6, STM32H573AII3Q, STM32H573AII6, STM32H573I-DK, STM32H573IIK3Q, STM32H573IIK6, STM32H573IIT3Q, STM32H573IIT6, STM32H573MIY3QTR, STM32H573RIT6, STM32H573RIV6, STM32H573VIT3Q, STM32H573VIT6, STM32H573ZIT3Q, STM32H573ZIT6, STM32H7R3A8I6, STM32H7R3I8K6, STM32H7R3I8T6, STM32H7R3L8H6, STM32H7R3L8H6H, STM32H7R3R8V6, STM32H7R3V8H6, STM32H7R3V8T6, STM32H7R3V8Y6, STM32H7R3Z8J6, STM32H7R3Z8T6, STM32H7R7A8I6, STM32H7R7I8K6, STM32H7R7I8T6, STM32H7R7L8H6, STM32H7R7L8H6H, STM32H7R7Z8J6, STM32H7S3A8I6, STM32H7S3I8K6, STM32H7S3I8T6, STM32H7S3L8H6, STM32H7S3L8H6H, STM32H7S3R8V6, STM32H7S3V8H6, STM32H7S3V8T6, STM32H7S3V8Y6, STM32H7S3Z8J6, STM32H7S3Z8T6, STM32H7S78-DK, STM32H7S7A8I6, STM32H7S7I8K6, STM32H7S7I8T6, STM32H7S7L8H6, STM32H7S7L8H6H, STM32H7S7Z8J6, STM32L4R5QGI6STR, STM32MP131AAE3, STM32MP131AAF3, STM32MP131AAG3, STM32MP131CAE3, STM32MP131CAF3, STM32MP131CAG3, STM32MP131DAE7, STM32MP131DAF7, STM32MP131DAG7, STM32MP131FAE7, STM32MP131FAF7, STM32MP131FAG7, STM32MP133AAE3, STM32MP133AAF3, STM32MP133AAG3, STM32MP133CAE3, STM32MP133CAF3, STM32MP133CAG3, STM32MP133DAE7, STM32MP133DAF7, STM32MP133DAG7, STM32MP133FAE7, STM32MP133FAF7, STM32MP133FAG7, STM32MP135AAE3, STM32MP135AAF3, STM32MP135AAG3, STM32MP135CAE3, STM32MP135CAF3, STM32MP135CAG3, STM32MP135DAE7, STM32MP135DAF7, STM32MP135DAG7, STM32MP135F-DK, STM32MP135FAE7, STM32MP135FAF7, STM32MP135FAF7T, STM32MP135FAF7U, STM32MP135FAG7, STM32U031C6T6, STM32U031C6U6, STM32U031C8T6, STM32U031C8U6, STM32U031F4P6, STM32U031F6P6, STM32U031F8P6, STM32U031G6Y6TR, STM32U031G8Y6TR, STM32U031K4U6, STM32U031K6U6, STM32U031K8U6, STM32U031R6I6, STM32U031R6T6, STM32U031R8I6, STM32U031R8T6, STM32U073C8T6, STM32U073C8U6, STM32U073CBT6, STM32U073CBU6, STM32U073CCT6, STM32U073CCU6, STM32U073H8Y6TR, STM32U073HBY6TR, STM32U073HCY6TR, STM32U073K8U6, STM32U073KBU6, STM32U073KCU6, STM32U073M8I6, STM32U073M8T6, STM32U073MBI6, STM32U073MBT6, STM32U073MCI6, STM32U073MCT6, STM32U073R8I6, STM32U073R8T6, STM32U073RBI6, STM32U073RBT6, STM32U073RCI6, STM32U073RCT6, STM32U083C-DK, STM32U083CCT6, STM32U083CCU6, STM32U083HCY6TR, STM32U083KCU6, STM32U083MCI6, STM32U083MCT6, STM32U083RCI6, STM32U083RCT6, STM32U535CBT6, STM32U535CBT6Q, STM32U535CBU6, STM32U535CBU6Q, STM32U535CCT6, STM32U535CCT6Q, STM32U535CCU6, STM32U535CCU6Q, STM32U535CET6, STM32U535CET6Q, STM32U535CEU6, STM32U535CEU6Q, STM32U535JEY6QTR, STM32U535NCY6QTR, STM32U535NEY6QTR, STM32U535RBI6, STM32U535RBI6Q, STM32U535RBT6, STM32U535RBT6Q, STM32U535RCI6, STM32U535RCI6Q, STM32U535RCT6, STM32U535RCT6Q, STM32U535REI6, STM32U535REI6Q, STM32U535RET6, STM32U535RET6Q, STM32U535VCI6, STM32U535VCI6Q, STM32U535VCT6, STM32U535VCT6Q, STM32U535VEI6, STM32U535VEI6Q, STM32U535VET6, STM32U535VET6Q, STM32U545CET6, STM32U545CET6Q, STM32U545CEU6, STM32U545CEU6Q, STM32U545JEY6QTR, STM32U545NEY6QTR, STM32U545REI6, STM32U545REI6Q, STM32U545RET6, STM32U545RET6Q, STM32U545VEI6, STM32U545VEI6Q, STM32U545VET6, STM32U545VET6Q, STM32U595AIH6, STM32U595AIH6Q, STM32U595AJH6, STM32U595AJH6Q, STM32U595QII6, STM32U595QII6Q, STM32U595QJI6, STM32U595QJI6Q, STM32U595RIT6, STM32U595RIT6Q, STM32U595RJT6, STM32U595RJT6Q, STM32U595VIT6, STM32U595VIT6Q, STM32U595VJT6, STM32U595VJT6Q, STM32U595ZIT6, STM32U595ZIT6Q, STM32U595ZIY6QTR, STM32U595ZJT6, STM32U595ZJT6Q, STM32U595ZJY6QTR, STM32U599BJY6QTR, STM32U599NIH6Q, STM32U599NJH6Q, STM32U599VIT6Q, STM32U599VJT6, STM32U599VJT6Q, STM32U599ZIT6Q, STM32U599ZIY6QTR, STM32U599ZJT6Q, STM32U599ZJY6QTR, STM32U5A5AJH6, STM32U5A5AJH6Q, STM32U5A5QII3Q , STM32U5A5QJI6, STM32U5A5QJI6Q, STM32U5A5RJT6, STM32U5A5RJT6Q, STM32U5A5VJT6, STM32U5A5VJT6Q, STM32U5A5ZJT6, STM32U5A5ZJT6Q, STM32U5A5ZJY6QTR, STM32U5A9BJY6QTR, STM32U5A9J-DK, STM32U5A9NJH6Q, STM32U5A9VJT6Q, STM32U5A9ZJT6Q, STM32U5A9ZJY6QTR, STM32U5F7VIT6, STM32U5F7VIT6Q, STM32U5F7VJT6, STM32U5F7VJT6Q, STM32U5F9BJY6QTR, STM32U5F9NJH6Q, STM32U5F9VIT6Q, STM32U5F9VJT6Q, STM32U5F9ZIJ6QTR, STM32U5F9ZIT6Q, STM32U5F9ZJJ6QTR, STM32U5F9ZJT6Q, STM32U5G7VJT6, STM32U5G7VJT6Q, STM32U5G9BJY6QTR, STM32U5G9J-DK1, STM32U5G9J-DK2, STM32U5G9NJH6Q, STM32U5G9VJT6Q, STM32U5G9ZJJ6QTR, STM32U5G9ZJT6Q, STM32WB1MMCH6, STM32WBA50KEU6, STM32WBA50KEU6TR, STM32WBA50KGU6, STM32WBA50KGU6TR, STM32WBA52CEU6, STM32WBA52CEU6TR, STM32WBA52CEU7, STM32WBA52CEU7TR, STM32WBA52CGU6, STM32WBA52CGU6TR, STM32WBA52CGU6U, STM32WBA52CGU7, STM32WBA52CGU7TR, STM32WBA52KEU6, STM32WBA52KEU6TR, STM32WBA52KGU6, STM32WBA52KGU6TR, STM32WBA54CEU6, STM32WBA54CEU6TR, STM32WBA54CEU7, STM32WBA54CEU7TR, STM32WBA54CGU6, STM32WBA54CGU6TR, STM32WBA54CGU7, STM32WBA54CGU7TR, STM32WBA54KEU6, STM32WBA54KEU6TR, STM32WBA54KEU7, STM32WBA54KEU7TR, STM32WBA54KGU6, STM32WBA54KGU6TR, STM32WBA54KGU7, STM32WBA54KGU7TR, STM32WBA55CEU6, STM32WBA55CEU6TR, STM32WBA55CEU7, STM32WBA55CEU7TR, STM32WBA55CGU6, STM32WBA55CGU6TR, STM32WBA55CGU6U, STM32WBA55CGU7, STM32WBA55CGU7TR, STM32WBA55G-DK1, STM32WBA55HEF6, STM32WBA55HEF7, STM32WBA55HGF6, STM32WBA55HGF7, STM32WBA55UEI6, STM32WBA55UEI6TR, STM32WBA55UEI7, STM32WBA55UEI7TR, STM32WBA55UGI6, STM32WBA55UGI6TR, STM32WBA55UGI7, STM32WBA55UGI7TR, STM32WL5MOCH6, STM32WL5MOCH6TR]
2024-09-17 15:15:59,874 [INFO] ApiDb:668 - CubeFinder database Data Model version=2.1
2024-09-17 15:15:59,874 [INFO] ApiDb:669 - CubeFinder database Configuration version=3.0.39
2024-09-17 15:15:59,874 [INFO] ApiDb:670 - CubeFinder database generation date=2024-08-06 (1722941618)
2024-09-17 15:15:59,874 [INFO] ApiDb:671 - CubeFinder database FW Pack versions=[FP-ATR-ASTRA1_V2.0.0, FP-SNS-FLIGHT1_V5.0.2, FP-SNS-MOTENV1_V5.0.0, FP-SNS-MOTENVWB1_V1.4.0, FP-SNS-SMARTAG2_V1.2.0, FP-SNS-STBOX1_V2.0.0, STM32Cube_FW_C0_V1.2.0, STM32Cube_FW_F4_V1.28.0, STM32Cube_FW_F7_V1.17.2, STM32Cube_FW_G0_V1.6.2, STM32Cube_FW_G4_V1.6.0, STM32Cube_FW_H5_V1.3.0, STM32Cube_FW_H7RS_V1.1.0, STM32Cube_FW_H7_V1.11.2, STM32Cube_FW_L0_V1.12.2, STM32Cube_FW_L5_V1.5.1, STM32Cube_FW_U0_V1.1.0, STM32Cube_FW_U5_V1.6.0, STM32Cube_FW_WB0_V1.0.0, STM32Cube_FW_WBA_V1.4.1, STM32Cube_FW_WB_V1.20.0, STM32Cube_FW_WL_V1.3.0, X-CUBE-ALGOBUILD_V1.4.0, X-CUBE-ALS_V1.0.2, X-CUBE-AZRTOS-F4_V1.1.0, X-CUBE-AZRTOS-F7_V1.1.0, X-CUBE-AZRTOS-G0_V1.1.0, X-CUBE-AZRTOS-G4_V2.0.0, X-CUBE-AZRTOS-H7RS_V1.0.0, X-CUBE-AZRTOS-H7_V3.2.0, X-CUBE-AZRTOS-L4_V2.0.0, X-CUBE-AZRTOS-L5_V1.1.0, X-CUBE-AZRTOS-WB_V2.0.0, X-CUBE-AZRTOS-WL_V2.0.0, X-CUBE-BLE1_V7.0.0, X-CUBE-BLE2_V3.3.0, X-CUBE-BLEMGR_V3.1.0, X-CUBE-EEPRMA1_V5.1.0, X-CUBE-FREERTOS_V1.2.0, X-CUBE-GNSS1_V6.0.0, X-CUBE-MEMS1_V10.0.0, X-CUBE-NFC4_V3.0.0, X-CUBE-NFC7_V1.0.1, X-CUBE-SFXS2LP1_V4.0.0, X-CUBE-SUBG2_V5.0.0, X-CUBE-TOF1_V3.4.2]
2024-09-17 15:16:02,524 [INFO] ApiDb:240 - Found 483 in-development CPN: [B-G473E-ZEST1S, B-WB1M-WPAN1, B-WL5M-SUBG1, NUCLEO-C031C6, NUCLEO-H503RB, NUCLEO-H533RE, NUCLEO-H563ZI, NUCLEO-H7S3L8, NUCLEO-U031R8, NUCLEO-U083RC, NUCLEO-U545RE-Q, NUCLEO-U5A5ZJ-Q, NUCLEO-WBA52CG, NUCLEO-WBA55CG, STEVAL-PROTEUS1, STEVAL-SMARTAG2, STEVAL-STWINBX1, STM320518-EVAL, STM32C0116-DK, STM32C011D6Y3TR, STM32C011D6Y6TR, STM32C011F4P3, STM32C011F4P6, STM32C011F4U3, STM32C011F4U6TR, STM32C011F6P3, STM32C011F6P6, STM32C011F6U3, STM32C011F6U6TR, STM32C011J4M3, STM32C011J4M6, STM32C011J6M3, STM32C011J6M6, STM32C0316-DK, STM32C031C4T3, STM32C031C4T6, STM32C031C4U3, STM32C031C4U6, STM32C031C6T3, STM32C031C6T6, STM32C031C6U3, STM32C031C6U6, STM32C031F4P3, STM32C031F4P6, STM32C031F6P3, STM32C031F6P6, STM32C031G4U3, STM32C031G4U6, STM32C031G6U3, STM32C031G6U6, STM32C031K4T3, STM32C031K4T6, STM32C031K4U3, STM32C031K4U6, STM32C031K6T3, STM32C031K6T6, STM32C031K6U3, STM32C031K6U6, STM32G071K8TXN, STM32G071K8UXN, STM32G081GBU6N, STM32G081KBT6N, STM32G081KBUXN, STM32G0B1CCT6N, STM32G0B1KCT6, STM32G0B1NEY6TR, STM32G0B1RCT6N, STM32G0C1CCT6, STM32G0C1CCT6N, STM32G0C1CCU6N, STM32G0C1CET6N, STM32G0C1CEU6N, STM32G0C1KCT6, STM32G0C1NEY6TR, STM32G0C1RCI6N, STM32G0C1RCT6N, STM32G0C1REI6N, STM32G0C1RET6N, STM32G0C1VCI6, STM32G0C1VEI6, STM32G471CCT6, STM32G471CCU6, STM32G471CET3, STM32G471CET6, STM32G471CEU3, STM32G471CEU6, STM32G471MCT6, STM32G471MET3, STM32G471MET6, STM32G471MEY6TR, STM32G471QCT6, STM32G471QET3, STM32G471RCT6, STM32G471RET3, STM32G471RET6, STM32G471VCH6, STM32G471VCI6, STM32G471VCT6, STM32G471VEH3, STM32G471VEH6, STM32G471VEI3, STM32G471VEI6, STM32G471VET3, STM32G471VET6, STM32G474CCT6, STM32H503CBT6, STM32H503CBU6, STM32H503EBY6TR, STM32H503KBU6, STM32H503RBT6, STM32H523CCT6, STM32H523CCU6, STM32H523CET6, STM32H523CEU6, STM32H523HEY6TR, STM32H523RCT6, STM32H523RET6, STM32H523VCI6, STM32H523VCT6, STM32H523VEI6, STM32H523VET6, STM32H523ZCJ6, STM32H523ZCT6, STM32H523ZEJ6, STM32H523ZET6, STM32H533CET6, STM32H533CEU6, STM32H533HEY6TR, STM32H533RET6, STM32H533VEI6, STM32H533VET6, STM32H533ZEJ6, STM32H533ZET6, STM32H562AGI6, STM32H562AII6, STM32H562IGK6, STM32H562IGT6, STM32H562IIK6, STM32H562IIT6, STM32H562RGT6, STM32H562RGV6, STM32H562RIT6, STM32H562RIV6, STM32H562VGT6, STM32H562VIT6, STM32H562ZGT6, STM32H562ZIT6, STM32H563AGI6, STM32H563AII3Q, STM32H563AII6, STM32H563IGK6, STM32H563IGT6, STM32H563IIK3Q, STM32H563IIK6, STM32H563IIT3Q, STM32H563IIT6, STM32H563MIY3QTR, STM32H563RGT6, STM32H563RGV6, STM32H563RIT6, STM32H563RIV6, STM32H563VGT6, STM32H563VIT3Q, STM32H563VIT6, STM32H563ZGT6, STM32H563ZIT3Q, STM32H563ZIT6, STM32H573AII3Q, STM32H573AII6, STM32H573I-DK, STM32H573IIK3Q, STM32H573IIK6, STM32H573IIT3Q, STM32H573IIT6, STM32H573MIY3QTR, STM32H573RIT6, STM32H573RIV6, STM32H573VIT3Q, STM32H573VIT6, STM32H573ZIT3Q, STM32H573ZIT6, STM32H7R3A8I6, STM32H7R3I8K6, STM32H7R3I8T6, STM32H7R3L8H6, STM32H7R3L8H6H, STM32H7R3R8V6, STM32H7R3V8H6, STM32H7R3V8T6, STM32H7R3V8Y6, STM32H7R3Z8J6, STM32H7R3Z8T6, STM32H7R7A8I6, STM32H7R7I8K6, STM32H7R7I8T6, STM32H7R7L8H6, STM32H7R7L8H6H, STM32H7R7Z8J6, STM32H7S3A8I6, STM32H7S3I8K6, STM32H7S3I8T6, STM32H7S3L8H6, STM32H7S3L8H6H, STM32H7S3R8V6, STM32H7S3V8H6, STM32H7S3V8T6, STM32H7S3V8Y6, STM32H7S3Z8J6, STM32H7S3Z8T6, STM32H7S78-DK, STM32H7S7A8I6, STM32H7S7I8K6, STM32H7S7I8T6, STM32H7S7L8H6, STM32H7S7L8H6H, STM32H7S7Z8J6, STM32L4R5QGI6STR, STM32MP131AAE3, STM32MP131AAF3, STM32MP131AAG3, STM32MP131CAE3, STM32MP131CAF3, STM32MP131CAG3, STM32MP131DAE7, STM32MP131DAF7, STM32MP131DAG7, STM32MP131FAE7, STM32MP131FAF7, STM32MP131FAG7, STM32MP133AAE3, STM32MP133AAF3, STM32MP133AAG3, STM32MP133CAE3, STM32MP133CAF3, STM32MP133CAG3, STM32MP133DAE7, STM32MP133DAF7, STM32MP133DAG7, STM32MP133FAE7, STM32MP133FAF7, STM32MP133FAG7, STM32MP135AAE3, STM32MP135AAF3, STM32MP135AAG3, STM32MP135CAE3, STM32MP135CAF3, STM32MP135CAG3, STM32MP135DAE7, STM32MP135DAF7, STM32MP135DAG7, STM32MP135F-DK, STM32MP135FAE7, STM32MP135FAF7, STM32MP135FAF7T, STM32MP135FAF7U, STM32MP135FAG7, STM32U031C6T6, STM32U031C6U6, STM32U031C8T6, STM32U031C8U6, STM32U031F4P6, STM32U031F6P6, STM32U031F8P6, STM32U031G6Y6TR, STM32U031G8Y6TR, STM32U031K4U6, STM32U031K6U6, STM32U031K8U6, STM32U031R6I6, STM32U031R6T6, STM32U031R8I6, STM32U031R8T6, STM32U073C8T6, STM32U073C8U6, STM32U073CBT6, STM32U073CBU6, STM32U073CCT6, STM32U073CCU6, STM32U073H8Y6TR, STM32U073HBY6TR, STM32U073HCY6TR, STM32U073K8U6, STM32U073KBU6, STM32U073KCU6, STM32U073M8I6, STM32U073M8T6, STM32U073MBI6, STM32U073MBT6, STM32U073MCI6, STM32U073MCT6, STM32U073R8I6, STM32U073R8T6, STM32U073RBI6, STM32U073RBT6, STM32U073RCI6, STM32U073RCT6, STM32U083C-DK, STM32U083CCT6, STM32U083CCU6, STM32U083HCY6TR, STM32U083KCU6, STM32U083MCI6, STM32U083MCT6, STM32U083RCI6, STM32U083RCT6, STM32U535CBT6, STM32U535CBT6Q, STM32U535CBU6, STM32U535CBU6Q, STM32U535CCT6, STM32U535CCT6Q, STM32U535CCU6, STM32U535CCU6Q, STM32U535CET6, STM32U535CET6Q, STM32U535CEU6, STM32U535CEU6Q, STM32U535JEY6QTR, STM32U535NCY6QTR, STM32U535NEY6QTR, STM32U535RBI6, STM32U535RBI6Q, STM32U535RBT6, STM32U535RBT6Q, STM32U535RCI6, STM32U535RCI6Q, STM32U535RCT6, STM32U535RCT6Q, STM32U535REI6, STM32U535REI6Q, STM32U535RET6, STM32U535RET6Q, STM32U535VCI6, STM32U535VCI6Q, STM32U535VCT6, STM32U535VCT6Q, STM32U535VEI6, STM32U535VEI6Q, STM32U535VET6, STM32U535VET6Q, STM32U545CET6, STM32U545CET6Q, STM32U545CEU6, STM32U545CEU6Q, STM32U545JEY6QTR, STM32U545NEY6QTR, STM32U545REI6, STM32U545REI6Q, STM32U545RET6, STM32U545RET6Q, STM32U545VEI6, STM32U545VEI6Q, STM32U545VET6, STM32U545VET6Q, STM32U595AIH6, STM32U595AIH6Q, STM32U595AJH6, STM32U595AJH6Q, STM32U595QII6, STM32U595QII6Q, STM32U595QJI6, STM32U595QJI6Q, STM32U595RIT6, STM32U595RIT6Q, STM32U595RJT6, STM32U595RJT6Q, STM32U595VIT6, STM32U595VIT6Q, STM32U595VJT6, STM32U595VJT6Q, STM32U595ZIT6, STM32U595ZIT6Q, STM32U595ZIY6QTR, STM32U595ZJT6, STM32U595ZJT6Q, STM32U595ZJY6QTR, STM32U599BJY6QTR, STM32U599NIH6Q, STM32U599NJH6Q, STM32U599VIT6Q, STM32U599VJT6, STM32U599VJT6Q, STM32U599ZIT6Q, STM32U599ZIY6QTR, STM32U599ZJT6Q, STM32U599ZJY6QTR, STM32U5A5AJH6, STM32U5A5AJH6Q, STM32U5A5QII3Q , STM32U5A5QJI6, STM32U5A5QJI6Q, STM32U5A5RJT6, STM32U5A5RJT6Q, STM32U5A5VJT6, STM32U5A5VJT6Q, STM32U5A5ZJT6, STM32U5A5ZJT6Q, STM32U5A5ZJY6QTR, STM32U5A9BJY6QTR, STM32U5A9J-DK, STM32U5A9NJH6Q, STM32U5A9VJT6Q, STM32U5A9ZJT6Q, STM32U5A9ZJY6QTR, STM32U5F7VIT6, STM32U5F7VIT6Q, STM32U5F7VJT6, STM32U5F7VJT6Q, STM32U5F9BJY6QTR, STM32U5F9NJH6Q, STM32U5F9VIT6Q, STM32U5F9VJT6Q, STM32U5F9ZIJ6QTR, STM32U5F9ZIT6Q, STM32U5F9ZJJ6QTR, STM32U5F9ZJT6Q, STM32U5G7VJT6, STM32U5G7VJT6Q, STM32U5G9BJY6QTR, STM32U5G9J-DK1, STM32U5G9J-DK2, STM32U5G9NJH6Q, STM32U5G9VJT6Q, STM32U5G9ZJJ6QTR, STM32U5G9ZJT6Q, STM32WB1MMCH6, STM32WBA50KEU6, STM32WBA50KEU6TR, STM32WBA50KGU6, STM32WBA50KGU6TR, STM32WBA52CEU6, STM32WBA52CEU6TR, STM32WBA52CEU7, STM32WBA52CEU7TR, STM32WBA52CGU6, STM32WBA52CGU6TR, STM32WBA52CGU6U, STM32WBA52CGU7, STM32WBA52CGU7TR, STM32WBA52KEU6, STM32WBA52KEU6TR, STM32WBA52KGU6, STM32WBA52KGU6TR, STM32WBA54CEU6, STM32WBA54CEU6TR, STM32WBA54CEU7, STM32WBA54CEU7TR, STM32WBA54CGU6, STM32WBA54CGU6TR, STM32WBA54CGU7, STM32WBA54CGU7TR, STM32WBA54KEU6, STM32WBA54KEU6TR, STM32WBA54KEU7, STM32WBA54KEU7TR, STM32WBA54KGU6, STM32WBA54KGU6TR, STM32WBA54KGU7, STM32WBA54KGU7TR, STM32WBA55CEU6, STM32WBA55CEU6TR, STM32WBA55CEU7, STM32WBA55CEU7TR, STM32WBA55CGU6, STM32WBA55CGU6TR, STM32WBA55CGU6U, STM32WBA55CGU7, STM32WBA55CGU7TR, STM32WBA55G-DK1, STM32WBA55HEF6, STM32WBA55HEF7, STM32WBA55HGF6, STM32WBA55HGF7, STM32WBA55UEI6, STM32WBA55UEI6TR, STM32WBA55UEI7, STM32WBA55UEI7TR, STM32WBA55UGI6, STM32WBA55UGI6TR, STM32WBA55UGI7, STM32WBA55UGI7TR, STM32WL5MOCH6, STM32WL5MOCH6TR]
2024-09-17 15:16:02,535 [INFO] DbMcus:218 - Found 4203 MCUs, 4203 are supported
2024-09-17 15:16:02,536 [INFO] ApiDb:423 - Load user favorites file C:\Users\tommy/.stm32cubeide/favorites.mcus.txt: 0 item(s)
2024-09-17 15:16:02,536 [INFO] ApiDb:427 - User favorites MCUs=[]
2024-09-17 15:16:02,536 [INFO] DbMcus:224 - Set 0 / 0 favorites MCUs
2024-09-17 15:16:03,262 [INFO] BoardInfo:889 - No configuration file found for board NUCLEO-WB05KZ
2024-09-17 15:16:03,263 [INFO] DbBoards:161 - Board is not supported: NUCLEO-WB05KZ
2024-09-17 15:16:03,264 [INFO] BoardInfo:889 - No configuration file found for board NUCLEO-WB07CC
2024-09-17 15:16:03,265 [INFO] DbBoards:161 - Board is not supported: NUCLEO-WB07CC
2024-09-17 15:16:03,267 [INFO] BoardInfo:889 - No configuration file found for board NUCLEO-WB09KE
2024-09-17 15:16:03,267 [INFO] DbBoards:161 - Board is not supported: NUCLEO-WB09KE
2024-09-17 15:16:03,289 [INFO] BoardInfo:889 - No configuration file found for board P-NUCLEO-WB55
2024-09-17 15:16:03,290 [INFO] DbBoards:161 - Kit is not supported: P-NUCLEO-WB55
2024-09-17 15:16:03,302 [INFO] BoardInfo:889 - No configuration file found for board STEVAL-BFA001V1B
2024-09-17 15:16:03,302 [INFO] DbBoards:161 - Kit is not supported: STEVAL-BFA001V1B
2024-09-17 15:16:03,306 [INFO] BoardInfo:889 - No configuration file found for board STEVAL-BFA001V2B
2024-09-17 15:16:03,306 [INFO] DbBoards:161 - Kit is not supported: STEVAL-BFA001V2B
2024-09-17 15:16:03,502 [INFO] BoardInfo:889 - No configuration file found for board STM32MP257F-DK
2024-09-17 15:16:03,503 [INFO] DbBoards:161 - Board is not supported: STM32MP257F-DK
2024-09-17 15:16:03,504 [INFO] BoardInfo:889 - No configuration file found for board STM32MP257F-EV1
2024-09-17 15:16:03,505 [INFO] DbBoards:161 - Board is not supported: STM32MP257F-EV1
2024-09-17 15:16:03,518 [INFO] DbBoards:168 - Found 200 boards, 192 are supported
2024-09-17 15:16:03,518 [INFO] DbBoards:169 - Found 200 boards, 8 of them is supported for  Bsp
2024-09-17 15:16:03,523 [INFO] ApiDb:423 - Load user favorites file C:\Users\tommy/.stm32cubeide/favorites.boards.txt: 0 item(s)
2024-09-17 15:16:03,523 [INFO] ApiDb:427 - User favorites Boards=[]
2024-09-17 15:16:03,523 [INFO] DbBoards:198 - Set 0 / 0 favorites Boards
2024-09-17 15:16:03,609 [INFO] UtilMem:75 - End LoadConfig() Used Memory: 230835136 Bytes (300941312)
2024-09-17 15:16:03,805 [WARN] ThirdParty:833 - waiting for thirdparty lock release [change project]
2024-09-17 15:16:03,805 [INFO] ThirdParty:835 - entering critical section [change project]
2024-09-17 15:16:03,805 [INFO] ThirdParty:1030 - CMSIS Pack Vendor :STMicroelectronics USBPD 4.1
2024-09-17 15:16:03,805 [INFO] ThirdParty:1030 - CMSIS Pack Vendor :STMicroelectronics X-CUBE-AZRTOS-H7 3.3.0
2024-09-17 15:16:03,805 [INFO] ThirdParty:1030 - CMSIS Pack Vendor :STMicroelectronics X-CUBE-GNSS1 6.0.0
2024-09-17 15:16:03,805 [INFO] ThirdParty:1030 - CMSIS Pack Vendor :STMicroelectronics USB_HOST 2.0.0
2024-09-17 15:16:03,806 [INFO] ThirdParty:1030 - CMSIS Pack Vendor :STMicroelectronics FP-SNS-MOTENVWB1 1.4.0
2024-09-17 15:16:03,806 [INFO] ThirdParty:1030 - CMSIS Pack Vendor :STMicroelectronics X-CUBE-AZRTOS-F4 1.1.0
2024-09-17 15:16:03,806 [INFO] ThirdParty:1030 - CMSIS Pack Vendor :STMicroelectronics LIBJPEG 8.0.0
2024-09-17 15:16:03,806 [INFO] ThirdParty:1030 - CMSIS Pack Vendor :STMicroelectronics X-CUBE-SMBUS 2.1.0
2024-09-17 15:16:03,806 [INFO] ThirdParty:1030 - CMSIS Pack Vendor :STMicroelectronics USB_DEVICE 3.0.0
2024-09-17 15:16:03,806 [INFO] ThirdParty:1030 - CMSIS Pack Vendor :STMicroelectronics X-CUBE-TCPP 4.1.0
2024-09-17 15:16:03,806 [INFO] ThirdParty:1030 - CMSIS Pack Vendor :STMicroelectronics X-CUBE-ISPU 2.1.0
2024-09-17 15:16:03,806 [INFO] ThirdParty:1030 - CMSIS Pack Vendor :STMicroelectronics X-CUBE-FREERTOS 1.2.0
2024-09-17 15:16:03,806 [INFO] ThirdParty:1030 - CMSIS Pack Vendor :STMicroelectronics X-CUBE-AZRTOS-WB 2.0.0
2024-09-17 15:16:03,806 [INFO] ThirdParty:1030 - CMSIS Pack Vendor :STMicroelectronics X-CUBE-GNSS1 7.0.0
2024-09-17 15:16:03,806 [INFO] ThirdParty:1030 - CMSIS Pack Vendor :STMicroelectronics X-CUBE-TOUCHGFX 4.23.2
2024-09-17 15:16:03,806 [INFO] ThirdParty:1030 - CMSIS Pack Vendor :STMicroelectronics X-CUBE-AZRTOS-F7 1.1.0
2024-09-17 15:16:03,806 [INFO] ThirdParty:1030 - CMSIS Pack Vendor :STMicroelectronics X-CUBE-AZRTOS-L5 2.0.0
2024-09-17 15:16:03,806 [INFO] ThirdParty:1030 - CMSIS Pack Vendor :STMicroelectronics USB_DEVICE 2.0.0
2024-09-17 15:16:03,807 [INFO] ThirdParty:1030 - CMSIS Pack Vendor :STMicroelectronics X-CUBE-NFC6 3.1.0
2024-09-17 15:16:03,807 [INFO] ThirdParty:1030 - CMSIS Pack Vendor :STMicroelectronics FP-SNS-STBOX1 2.0.0
2024-09-17 15:16:03,807 [INFO] ThirdParty:1030 - CMSIS Pack Vendor :STMicroelectronics X-CUBE-MEMS1 11.0.0
2024-09-17 15:16:03,807 [INFO] ThirdParty:1030 - CMSIS Pack Vendor :STMicroelectronics FreeRTOS 0.0.1
2024-09-17 15:16:03,807 [INFO] ThirdParty:1030 - CMSIS Pack Vendor :STMicroelectronics X-CUBE-AZRTOS-G0 1.1.0
2024-09-17 15:16:03,807 [INFO] ThirdParty:1030 - CMSIS Pack Vendor :STMicroelectronics X-CUBE-SAFEA1 1.2.2
2024-09-17 15:16:03,807 [INFO] ThirdParty:1030 - CMSIS Pack Vendor :STMicroelectronics X-CUBE-NFC4 3.0.0
2024-09-17 15:16:03,807 [INFO] ThirdParty:1030 - CMSIS Pack Vendor :STMicroelectronics X-CUBE-DPower 1.2.0
2024-09-17 15:16:03,807 [INFO] ThirdParty:1030 - CMSIS Pack Vendor :STMicroelectronics X-CUBE-SUBG2 5.0.0
2024-09-17 15:16:03,807 [INFO] ThirdParty:1030 - CMSIS Pack Vendor :STMicroelectronics STM32_WPAN 1.0.0
2024-09-17 15:16:03,808 [INFO] ThirdParty:1030 - CMSIS Pack Vendor :wolfSSL I-CUBE-wolfMQTT 1.18.0
2024-09-17 15:16:03,808 [INFO] ThirdParty:1030 - CMSIS Pack Vendor :EmbeddedOffice I-CUBE-FS-RTOS 1.0.1
2024-09-17 15:16:03,808 [INFO] ThirdParty:1030 - CMSIS Pack Vendor :STMicroelectronics lwIP 2.0.3
2024-09-17 15:16:03,808 [INFO] ThirdParty:1030 - CMSIS Pack Vendor :STMicroelectronics FP-SNS-FLIGHT1 5.0.2
2024-09-17 15:16:03,808 [INFO] ThirdParty:1030 - CMSIS Pack Vendor :Cesanta I-CUBE-Mongoose 7.13.0
2024-09-17 15:16:03,808 [INFO] ThirdParty:1030 - CMSIS Pack Vendor :STMicroelectronics USB_HOST 1.0.0
2024-09-17 15:16:03,808 [INFO] ThirdParty:1030 - CMSIS Pack Vendor :STMicroelectronics X-CUBE-AI 9.0.0
2024-09-17 15:16:03,808 [INFO] ThirdParty:1030 - CMSIS Pack Vendor :STMicroelectronics X-CUBE-AZRTOS-G4 2.0.0
2024-09-17 15:16:03,809 [INFO] ThirdParty:1030 - CMSIS Pack Vendor :STMicroelectronics PDM2PCM 3.1.0
2024-09-17 15:16:03,809 [INFO] ThirdParty:1030 - CMSIS Pack Vendor :STMicroelectronics PDM2PCM 3.3.0
2024-09-17 15:16:03,809 [INFO] ThirdParty:1030 - CMSIS Pack Vendor :STMicroelectronics X-CUBE-DISPLAY 3.0.0
2024-09-17 15:16:03,809 [INFO] ThirdParty:1030 - CMSIS Pack Vendor :RealThread X-CUBE-RT-Thread_Nano 4.1.1
2024-09-17 15:16:03,809 [INFO] ThirdParty:1030 - CMSIS Pack Vendor :wolfSSL I-CUBE-wolfSSL 5.7.0
2024-09-17 15:16:03,809 [INFO] ThirdParty:1030 - CMSIS Pack Vendor :STMicroelectronics X-CUBE-BLE1 7.0.0
2024-09-17 15:16:03,809 [INFO] ThirdParty:1030 - CMSIS Pack Vendor :STMicroelectronics FP-ATR-SIGFOX1 3.2.0
2024-09-17 15:16:03,809 [INFO] ThirdParty:1030 - CMSIS Pack Vendor :STMicroelectronics X-CUBE-ISPU 2.0.0
2024-09-17 15:16:03,809 [INFO] ThirdParty:1030 - CMSIS Pack Vendor :STMicroelectronics X-CUBE-EEPRMA1 5.1.0
2024-09-17 15:16:03,809 [INFO] ThirdParty:1030 - CMSIS Pack Vendor :STMicroelectronics HAL Drivers 0.0.0
2024-09-17 15:16:03,809 [INFO] ThirdParty:1030 - CMSIS Pack Vendor :STMicroelectronics MBEDTLS 2.16.2
2024-09-17 15:16:03,810 [INFO] ThirdParty:1030 - CMSIS Pack Vendor :STMicroelectronics X-CUBE-ALS 1.0.2
2024-09-17 15:16:03,810 [INFO] ThirdParty:1030 - CMSIS Pack Vendor :emotas I-CUBE-CANOPEN 1.3.0
2024-09-17 15:16:03,810 [INFO] ThirdParty:1030 - CMSIS Pack Vendor :STMicroelectronics X-CUBE-MEMS1 10.0.0
2024-09-17 15:16:03,810 [INFO] ThirdParty:1030 - CMSIS Pack Vendor :STMicroelectronics X-CUBE-NFC7 1.0.1
2024-09-17 15:16:03,810 [INFO] ThirdParty:1030 - CMSIS Pack Vendor :STMicroelectronics MBEDTLS 2.14.1
2024-09-17 15:16:03,810 [INFO] ThirdParty:1030 - CMSIS Pack Vendor :STMicroelectronics X-CUBE-TOUCHGFX 4.24.0
2024-09-17 15:16:03,810 [INFO] ThirdParty:1030 - CMSIS Pack Vendor :ITTIA_DB I-CUBE-ITTIADB 8.9.0
2024-09-17 15:16:03,810 [INFO] ThirdParty:1030 - CMSIS Pack Vendor :wolfSSL I-CUBE-wolfTPM 3.2.0
2024-09-17 15:16:03,810 [INFO] ThirdParty:1030 - CMSIS Pack Vendor :portGmbH I-Cube-SoM-uGOAL 1.1.0
2024-09-17 15:16:03,810 [INFO] ThirdParty:1030 - CMSIS Pack Vendor :STMicroelectronics X-CUBE-ALS 1.0.1
2024-09-17 15:16:03,810 [INFO] ThirdParty:1030 - CMSIS Pack Vendor :STMicroelectronics X-CUBE-BLEMGR 3.1.0
2024-09-17 15:16:03,811 [INFO] ThirdParty:1030 - CMSIS Pack Vendor :STMicroelectronics ThreadX 1.0.0
2024-09-17 15:16:03,811 [INFO] ThirdParty:1030 - CMSIS Pack Vendor :STMicroelectronics FP-SNS-SMARTAG2 1.2.0
2024-09-17 15:16:03,811 [INFO] ThirdParty:1030 - CMSIS Pack Vendor :STMicroelectronics X-CUBE-AZRTOS-WL 2.0.0
2024-09-17 15:16:03,811 [INFO] ThirdParty:1030 - CMSIS Pack Vendor :SEGGER I-CUBE-embOS 1.3.1
2024-09-17 15:16:03,811 [INFO] ThirdParty:1030 - CMSIS Pack Vendor :STMicroelectronics X-CUBE-ALGOBUILD 1.4.0
2024-09-17 15:16:03,811 [INFO] ThirdParty:1030 - CMSIS Pack Vendor :STMicroelectronics FP-SNS-MOTENV1 5.0.0
2024-09-17 15:16:03,811 [INFO] ThirdParty:1030 - CMSIS Pack Vendor :STMicroelectronics USB_DEVICE 1.0.0
2024-09-17 15:16:03,811 [INFO] ThirdParty:1030 - CMSIS Pack Vendor :STMicroelectronics X-CUBE-AZRTOS-H7RS 1.0.0
2024-09-17 15:16:03,811 [INFO] ThirdParty:1030 - CMSIS Pack Vendor :wolfSSL I-CUBE-wolfMQTT 1.19.0
2024-09-17 15:16:03,811 [INFO] ThirdParty:1030 - CMSIS Pack Vendor :STMicroelectronics X-CUBE-AZRTOS-L4 2.0.0
2024-09-17 15:16:03,811 [INFO] ThirdParty:1030 - CMSIS Pack Vendor :STMicroelectronics ThreadX 0.0.2
2024-09-17 15:16:03,811 [INFO] ThirdParty:1030 - CMSIS Pack Vendor :WES I-CUBE-Cesium 1.3.0
2024-09-17 15:16:03,811 [INFO] ThirdParty:1030 - CMSIS Pack Vendor :STMicroelectronics FP-ATR-ASTRA1 2.0.0
2024-09-17 15:16:03,811 [INFO] ThirdParty:1030 - CMSIS Pack Vendor :STMicroelectronics lwIP 2.1.2
2024-09-17 15:16:03,811 [INFO] ThirdParty:1030 - CMSIS Pack Vendor :STMicroelectronics X-CUBE-SFXS2LP1 4.0.0
2024-09-17 15:16:03,812 [INFO] ThirdParty:1030 - CMSIS Pack Vendor :STMicroelectronics X-CUBE-BLE2 3.3.0
2024-09-17 15:16:03,812 [INFO] ThirdParty:1030 - CMSIS Pack Vendor :STMicroelectronics X-CUBE-TOF1 3.4.2
2024-09-17 15:16:03,812 [INFO] ThirdParty:1030 - CMSIS Pack Vendor :STMicroelectronics X-CUBE-TOF1 3.4.1
2024-09-17 15:16:03,812 [INFO] ThirdParty:1030 - CMSIS Pack Vendor :STMicroelectronics X-CUBE-AZRTOS-H7 3.2.0
2024-09-17 15:16:03,812 [INFO] ThirdParty:1030 - CMSIS Pack Vendor :Infineon AIROC-Wi-Fi-Bluetooth-STM32 1.6.0
2024-09-17 15:16:03,812 [INFO] ThirdParty:1030 - CMSIS Pack Vendor :STMicroelectronics PDM2PCM 3.2.0
2024-09-17 15:16:03,812 [INFO] ThirdParty:1030 - CMSIS Pack Vendor :wolfSSL I-CUBE-wolfSSH 1.4.17
2024-09-17 15:16:03,812 [INFO] ThirdParty:841 - exiting critical section [change project]
2024-09-17 15:16:05,003 [INFO] PinOutPanel:1561 - setPackage(No Configuration,No Configuration)
2024-09-17 15:16:05,017 [INFO] PinOutPanel:1561 - setPackage(STM32F446RETx,LQFP64)
2024-09-17 15:16:06,253 [INFO] UtilMem:75 - Before build in PCC Used Memory: 239914912 Bytes (355467264)
2024-09-17 15:16:07,865 [INFO] UtilMem:75 - After build in PCC Used Memory: 164859784 Bytes (355467264)
2024-09-17 15:16:07,952 [INFO] IPUIPlugin:80 - create IPUIPlugin
2024-09-17 15:16:07,952 [INFO] IPUIPlugin:80 - create IPUIPlugin
2024-09-17 15:16:07,952 [INFO] IPUIPlugin:80 - create IPUIPlugin
2024-09-17 15:16:07,952 [INFO] IPUIPlugin:80 - create IPUIPlugin
2024-09-17 15:16:07,952 [INFO] IPUIPlugin:80 - create IPUIPlugin
2024-09-17 15:16:07,953 [INFO] IPUIPlugin:80 - create IPUIPlugin
2024-09-17 15:16:07,953 [INFO] IPUIPlugin:80 - create IPUIPlugin
2024-09-17 15:16:07,954 [INFO] IPUIPlugin:80 - create IPUIPlugin
2024-09-17 15:16:07,954 [INFO] IPUIPlugin:80 - create IPUIPlugin
2024-09-17 15:16:07,955 [INFO] IPUIPlugin:80 - create IPUIPlugin
2024-09-17 15:16:07,955 [INFO] IPUIPlugin:80 - create IPUIPlugin
2024-09-17 15:16:07,955 [INFO] IPUIPlugin:80 - create IPUIPlugin
2024-09-17 15:16:07,955 [INFO] IPUIPlugin:80 - create IPUIPlugin
2024-09-17 15:16:07,955 [INFO] IPUIPlugin:80 - create IPUIPlugin
2024-09-17 15:16:07,957 [INFO] IPUIPlugin:80 - create IPUIPlugin
2024-09-17 15:16:07,957 [INFO] IPUIPlugin:80 - create IPUIPlugin
2024-09-17 15:16:07,957 [INFO] IPUIPlugin:80 - create IPUIPlugin
2024-09-17 15:16:07,958 [INFO] IPUIPlugin:80 - create IPUIPlugin
2024-09-17 15:16:07,958 [INFO] IPUIPlugin:80 - create IPUIPlugin
2024-09-17 15:16:07,958 [INFO] IPUIPlugin:80 - create IPUIPlugin
2024-09-17 15:16:07,959 [INFO] IPUIPlugin:80 - create IPUIPlugin
2024-09-17 15:16:07,959 [INFO] IPUIPlugin:80 - create IPUIPlugin
2024-09-17 15:16:07,959 [INFO] IPUIPlugin:80 - create IPUIPlugin
2024-09-17 15:16:07,960 [INFO] IPUIPlugin:80 - create IPUIPlugin
2024-09-17 15:16:07,960 [INFO] IPUIPlugin:80 - create IPUIPlugin
2024-09-17 15:16:07,961 [INFO] IPUIPlugin:80 - create IPUIPlugin
2024-09-17 15:16:07,961 [INFO] IPUIPlugin:80 - create IPUIPlugin
2024-09-17 15:16:07,962 [INFO] IPUIPlugin:80 - create IPUIPlugin
2024-09-17 15:16:07,962 [INFO] IPUIPlugin:80 - create IPUIPlugin
2024-09-17 15:16:07,963 [INFO] IPUIPlugin:80 - create IPUIPlugin
2024-09-17 15:16:07,963 [INFO] IPUIPlugin:80 - create IPUIPlugin
2024-09-17 15:16:07,980 [INFO] IPUIPlugin:80 - create IPUIPlugin
2024-09-17 15:16:07,981 [INFO] IPUIPlugin:80 - create IPUIPlugin
2024-09-17 15:16:07,982 [INFO] IPUIPlugin:80 - create IPUIPlugin
2024-09-17 15:16:07,982 [INFO] IPUIPlugin:80 - create IPUIPlugin
2024-09-17 15:16:07,983 [INFO] IPUIPlugin:80 - create IPUIPlugin
2024-09-17 15:16:07,983 [INFO] IPUIPlugin:80 - create IPUIPlugin
2024-09-17 15:16:07,984 [INFO] IPUIPlugin:80 - create IPUIPlugin
2024-09-17 15:16:07,984 [INFO] IPUIPlugin:80 - create IPUIPlugin
2024-09-17 15:16:07,985 [INFO] IPUIPlugin:80 - create IPUIPlugin
2024-09-17 15:16:07,985 [INFO] IPUIPlugin:80 - create IPUIPlugin
2024-09-17 15:16:07,986 [INFO] IPUIPlugin:80 - create IPUIPlugin
2024-09-17 15:16:07,986 [INFO] IPUIPlugin:80 - create IPUIPlugin
2024-09-17 15:16:07,987 [INFO] IPUIPlugin:80 - create IPUIPlugin
2024-09-17 15:16:07,987 [INFO] IPUIPlugin:80 - create IPUIPlugin
2024-09-17 15:16:07,988 [INFO] IPUIPlugin:80 - create IPUIPlugin
2024-09-17 15:16:07,988 [INFO] IPUIPlugin:80 - create IPUIPlugin
2024-09-17 15:16:07,989 [INFO] IPUIPlugin:80 - create IPUIPlugin
2024-09-17 15:16:07,992 [INFO] IPUIPlugin:80 - create IPUIPlugin
2024-09-17 15:16:07,993 [INFO] IPUIPlugin:80 - create IPUIPlugin
2024-09-17 15:16:07,994 [INFO] IPUIPlugin:80 - create IPUIPlugin
2024-09-17 15:16:07,995 [INFO] IPUIPlugin:80 - create IPUIPlugin
2024-09-17 15:16:07,996 [INFO] IPUIPlugin:80 - create IPUIPlugin
2024-09-17 15:16:07,996 [INFO] IPUIPlugin:80 - create IPUIPlugin
2024-09-17 15:16:07,997 [INFO] IPUIPlugin:80 - create IPUIPlugin
2024-09-17 15:16:07,998 [INFO] IPUIPlugin:80 - create IPUIPlugin
2024-09-17 15:16:07,999 [INFO] IPUIPlugin:80 - create IPUIPlugin
2024-09-17 15:16:08,000 [INFO] IPUIPlugin:80 - create IPUIPlugin
2024-09-17 15:16:08,001 [INFO] IPUIPlugin:80 - create IPUIPlugin
2024-09-17 15:16:08,002 [INFO] IPUIPlugin:80 - create IPUIPlugin
2024-09-17 15:16:08,114 [INFO] ApiDbMcu:508 - Load IP Config File for PDM2PCM
2024-09-17 15:16:08,446 [INFO] CADModel:165 - CPN selected for project levelSTM32F446RET6
2024-09-17 15:16:08,447 [INFO] CADModel:114 - Register for checkConnection events
2024-09-17 15:16:08,508 [INFO] OpenFileManager:343 - Restore cursor
2024-09-17 15:16:11,661 [INFO] LogOutputStream:77 - [STDOUT_REDIRECT] 
2024-09-17 15:16:12,365 [INFO] McuFinderGlobals:63 - Set McuFinder mode to 2 (CubeIDE integrated)
2024-09-17 15:16:12,372 [INFO] UserAuth:415 - Internet connection configuration mode: 1
2024-09-17 15:16:12,391 [INFO] JxBrowserEngine:152 - Initiate JxBrowser Engine with user profile folder
2024-09-17 15:16:13,609 [INFO] WebApp:161 - Instantiating new browser for Auth
2024-09-17 15:16:14,804 [INFO] WebApp:779 - Register for checkConnection events
2024-09-17 15:16:14,804 [INFO] WebApp:414 - Apply proxy settings
2024-09-17 15:16:14,804 [INFO] WebApp:499 - Chromium requires no authentication
2024-09-17 15:16:14,814 [INFO] WebApp:442 - Direct internet connection detected
2024-09-17 15:16:15,127 [INFO] WebApp:192 - Starting web application
2024-09-17 15:16:15,128 [INFO] WebApp:544 - Web application path used C:\ST\STM32CubeIDE_1.15.1\STM32CubeIDE\plugins\com.st.stm32cube.common.mx_6.11.1.202404110753\db\plugins\mcufinder\reactClient1\index.html
2024-09-17 15:16:43,029 [INFO] Can:71 - Can Add PropertyChangeListener com.st.microxplorer.plugins.ip.can.Can@5a1b3b28
2024-09-17 15:16:43,543 [INFO] NvicIntPanel:101 - NVIC parent = com.st.microxplorer.plugins.ip.nvic.MultiNvicIntPanel[,0,0,0x0,invalid,layout=javax.swing.BoxLayout,alignmentX=0.0,alignmentY=0.0,border=,flags=9,maximumSize=,minimumSize=,preferredSize=]
2024-09-17 15:16:43,652 [INFO] NvicIntPanel:101 - NVIC parent = com.st.microxplorer.plugins.ip.nvic.MultiNvicIntPanel[,0,0,0x0,invalid,layout=javax.swing.BoxLayout,alignmentX=0.0,alignmentY=0.0,border=,flags=9,maximumSize=,minimumSize=,preferredSize=]
2024-09-17 15:16:44,095 [INFO] NvicIntPanel:101 - NVIC parent = com.st.microxplorer.plugins.ip.nvic.MultiNvicIntPanel[,0,0,0x0,invalid,layout=javax.swing.BoxLayout,alignmentX=0.0,alignmentY=0.0,border=,flags=9,maximumSize=,minimumSize=,preferredSize=]
2024-09-17 15:16:44,528 [INFO] NvicIntPanel:101 - NVIC parent = com.st.microxplorer.plugins.ip.nvic.MultiNvicIntPanel[,0,0,0x0,invalid,layout=javax.swing.BoxLayout,alignmentX=0.0,alignmentY=0.0,border=,flags=9,maximumSize=,minimumSize=,preferredSize=]
2024-09-17 15:16:47,131 [INFO] NvicIntPanel:101 - NVIC parent = com.st.microxplorer.plugins.ip.nvic.MultiNvicIntPanel[,0,0,0x0,invalid,layout=javax.swing.BoxLayout,alignmentX=0.0,alignmentY=0.0,border=,flags=9,maximumSize=,minimumSize=,preferredSize=]
2024-09-17 15:17:25,274 [INFO] NvicIntPanel:101 - NVIC parent = com.st.microxplorer.plugins.ip.nvic.MultiNvicIntPanel[,0,0,0x0,invalid,layout=javax.swing.BoxLayout,alignmentX=0.0,alignmentY=0.0,border=,flags=9,maximumSize=,minimumSize=,preferredSize=]
2024-09-17 15:17:25,565 [INFO] NvicIntPanel:101 - NVIC parent = com.st.microxplorer.plugins.ip.nvic.MultiNvicIntPanel[,0,0,0x0,invalid,layout=javax.swing.BoxLayout,alignmentX=0.0,alignmentY=0.0,border=,flags=9,maximumSize=,minimumSize=,preferredSize=]
2024-09-17 15:17:29,515 [INFO] NvicIntPanel:101 - NVIC parent = com.st.microxplorer.plugins.ip.nvic.MultiNvicIntPanel[,0,0,0x0,invalid,layout=javax.swing.BoxLayout,alignmentX=0.0,alignmentY=0.0,border=,flags=9,maximumSize=,minimumSize=,preferredSize=]
2024-09-17 15:17:29,705 [INFO] NvicIntPanel:101 - NVIC parent = com.st.microxplorer.plugins.ip.nvic.MultiNvicIntPanel[,0,0,0x0,invalid,layout=javax.swing.BoxLayout,alignmentX=0.0,alignmentY=0.0,border=,flags=9,maximumSize=,minimumSize=,preferredSize=]
2024-09-17 15:17:32,709 [INFO] NvicIntPanel:101 - NVIC parent = com.st.microxplorer.plugins.ip.nvic.MultiNvicIntPanel[,0,0,0x0,invalid,layout=javax.swing.BoxLayout,alignmentX=0.0,alignmentY=0.0,border=,flags=9,maximumSize=,minimumSize=,preferredSize=]
2024-09-17 15:17:32,910 [INFO] NvicIntPanel:101 - NVIC parent = com.st.microxplorer.plugins.ip.nvic.MultiNvicIntPanel[,0,0,0x0,invalid,layout=javax.swing.BoxLayout,alignmentX=0.0,alignmentY=0.0,border=,flags=9,maximumSize=,minimumSize=,preferredSize=]
2024-09-17 15:17:35,075 [INFO] NvicIntPanel:101 - NVIC parent = com.st.microxplorer.plugins.ip.nvic.MultiNvicIntPanel[,0,0,0x0,invalid,layout=javax.swing.BoxLayout,alignmentX=0.0,alignmentY=0.0,border=,flags=9,maximumSize=,minimumSize=,preferredSize=]
2024-09-17 15:17:35,287 [INFO] NvicIntPanel:101 - NVIC parent = com.st.microxplorer.plugins.ip.nvic.MultiNvicIntPanel[,0,0,0x0,invalid,layout=javax.swing.BoxLayout,alignmentX=0.0,alignmentY=0.0,border=,flags=9,maximumSize=,minimumSize=,preferredSize=]
2024-09-17 15:17:39,871 [INFO] NvicIntPanel:101 - NVIC parent = com.st.microxplorer.plugins.ip.nvic.MultiNvicIntPanel[,0,0,0x0,invalid,layout=javax.swing.BoxLayout,alignmentX=0.0,alignmentY=0.0,border=,flags=9,maximumSize=,minimumSize=,preferredSize=]
2024-09-17 15:17:40,072 [INFO] NvicIntPanel:101 - NVIC parent = com.st.microxplorer.plugins.ip.nvic.MultiNvicIntPanel[,0,0,0x0,invalid,layout=javax.swing.BoxLayout,alignmentX=0.0,alignmentY=0.0,border=,flags=9,maximumSize=,minimumSize=,preferredSize=]
2024-09-17 15:17:44,896 [INFO] NvicIntPanel:101 - NVIC parent = com.st.microxplorer.plugins.ip.nvic.MultiNvicIntPanel[,0,0,0x0,invalid,layout=javax.swing.BoxLayout,alignmentX=0.0,alignmentY=0.0,border=,flags=9,maximumSize=,minimumSize=,preferredSize=]
2024-09-17 15:17:45,073 [INFO] NvicIntPanel:101 - NVIC parent = com.st.microxplorer.plugins.ip.nvic.MultiNvicIntPanel[,0,0,0x0,invalid,layout=javax.swing.BoxLayout,alignmentX=0.0,alignmentY=0.0,border=,flags=9,maximumSize=,minimumSize=,preferredSize=]
2024-09-17 15:17:50,533 [INFO] NvicIntPanel:101 - NVIC parent = com.st.microxplorer.plugins.ip.nvic.MultiNvicIntPanel[,0,0,0x0,invalid,layout=javax.swing.BoxLayout,alignmentX=0.0,alignmentY=0.0,border=,flags=9,maximumSize=,minimumSize=,preferredSize=]
2024-09-17 15:17:50,690 [INFO] NvicIntPanel:101 - NVIC parent = com.st.microxplorer.plugins.ip.nvic.MultiNvicIntPanel[,0,0,0x0,invalid,layout=javax.swing.BoxLayout,alignmentX=0.0,alignmentY=0.0,border=,flags=9,maximumSize=,minimumSize=,preferredSize=]
2024-09-17 15:17:55,472 [INFO] NvicIntPanel:101 - NVIC parent = com.st.microxplorer.plugins.ip.nvic.MultiNvicIntPanel[,0,0,0x0,invalid,layout=javax.swing.BoxLayout,alignmentX=0.0,alignmentY=0.0,border=,flags=9,maximumSize=,minimumSize=,preferredSize=]
2024-09-17 15:17:55,628 [INFO] NvicIntPanel:101 - NVIC parent = com.st.microxplorer.plugins.ip.nvic.MultiNvicIntPanel[,0,0,0x0,invalid,layout=javax.swing.BoxLayout,alignmentX=0.0,alignmentY=0.0,border=,flags=9,maximumSize=,minimumSize=,preferredSize=]
2024-09-17 15:18:04,457 [INFO] NvicIntPanel:101 - NVIC parent = com.st.microxplorer.plugins.ip.nvic.MultiNvicIntPanel[,0,0,0x0,invalid,layout=javax.swing.BoxLayout,alignmentX=0.0,alignmentY=0.0,border=,flags=9,maximumSize=,minimumSize=,preferredSize=]
2024-09-17 15:18:04,615 [INFO] NvicIntPanel:101 - NVIC parent = com.st.microxplorer.plugins.ip.nvic.MultiNvicIntPanel[,0,0,0x0,invalid,layout=javax.swing.BoxLayout,alignmentX=0.0,alignmentY=0.0,border=,flags=9,maximumSize=,minimumSize=,preferredSize=]
2024-09-17 15:18:55,778 [WARN] IP:2120 - I2C_Coeff_DF not found: check if there is a RefParameter without a condition.
2024-09-17 15:18:55,778 [WARN] IP:2120 - Analog_Filter not found: check if there is a RefParameter without a condition.
2024-09-17 15:18:55,868 [WARN] IP:2120 - I2C_Coeff_DF not found: check if there is a RefParameter without a condition.
2024-09-17 15:18:55,869 [WARN] IP:2120 - Analog_Filter not found: check if there is a RefParameter without a condition.
2024-09-17 15:18:55,869 [WARN] IP:2120 - I2C_Coeff_DF not found: check if there is a RefParameter without a condition.
2024-09-17 15:18:55,869 [WARN] IP:2120 - Analog_Filter not found: check if there is a RefParameter without a condition.
2024-09-17 15:18:55,982 [WARN] IP:2120 - I2C_Coeff_DF not found: check if there is a RefParameter without a condition.
2024-09-17 15:18:55,983 [WARN] IP:2120 - Analog_Filter not found: check if there is a RefParameter without a condition.
2024-09-17 15:18:56,000 [WARN] IP:2120 - I2C_Coeff_DF not found: check if there is a RefParameter without a condition.
2024-09-17 15:18:56,000 [WARN] IP:2120 - Analog_Filter not found: check if there is a RefParameter without a condition.
2024-09-17 15:19:00,092 [INFO] NvicIntPanel:101 - NVIC parent = com.st.microxplorer.plugins.ip.nvic.MultiNvicIntPanel[,0,0,452x157,layout=javax.swing.BoxLayout,alignmentX=0.0,alignmentY=0.0,border=,flags=9,maximumSize=,minimumSize=,preferredSize=]
2024-09-17 15:19:02,575 [WARN] IP:2120 - I2C_Coeff_DF not found: check if there is a RefParameter without a condition.
2024-09-17 15:19:02,575 [WARN] IP:2120 - Analog_Filter not found: check if there is a RefParameter without a condition.
2024-09-17 15:19:14,205 [INFO] NvicIntPanel:101 - NVIC parent = com.st.microxplorer.plugins.ip.nvic.MultiNvicIntPanel[,0,0,0x0,invalid,layout=javax.swing.BoxLayout,alignmentX=0.0,alignmentY=0.0,border=,flags=9,maximumSize=,minimumSize=,preferredSize=]
2024-09-17 15:19:14,358 [INFO] NvicIntPanel:101 - NVIC parent = com.st.microxplorer.plugins.ip.nvic.MultiNvicIntPanel[,0,0,0x0,invalid,layout=javax.swing.BoxLayout,alignmentX=0.0,alignmentY=0.0,border=,flags=9,maximumSize=,minimumSize=,preferredSize=]
2024-09-17 15:19:18,111 [INFO] NvicIntPanel:101 - NVIC parent = com.st.microxplorer.plugins.ip.nvic.MultiNvicIntPanel[,0,0,0x0,invalid,layout=javax.swing.BoxLayout,alignmentX=0.0,alignmentY=0.0,border=,flags=9,maximumSize=,minimumSize=,preferredSize=]
2024-09-17 15:19:18,268 [INFO] NvicIntPanel:101 - NVIC parent = com.st.microxplorer.plugins.ip.nvic.MultiNvicIntPanel[,0,0,0x0,invalid,layout=javax.swing.BoxLayout,alignmentX=0.0,alignmentY=0.0,border=,flags=9,maximumSize=,minimumSize=,preferredSize=]
2024-09-17 15:19:22,331 [INFO] NvicIntPanel:101 - NVIC parent = com.st.microxplorer.plugins.ip.nvic.MultiNvicIntPanel[,0,0,0x0,invalid,layout=javax.swing.BoxLayout,alignmentX=0.0,alignmentY=0.0,border=,flags=9,maximumSize=,minimumSize=,preferredSize=]
2024-09-17 15:19:22,488 [INFO] NvicIntPanel:101 - NVIC parent = com.st.microxplorer.plugins.ip.nvic.MultiNvicIntPanel[,0,0,0x0,invalid,layout=javax.swing.BoxLayout,alignmentX=0.0,alignmentY=0.0,border=,flags=9,maximumSize=,minimumSize=,preferredSize=]
2024-09-17 15:19:27,112 [INFO] NvicIntPanel:101 - NVIC parent = com.st.microxplorer.plugins.ip.nvic.MultiNvicIntPanel[,0,0,0x0,invalid,layout=javax.swing.BoxLayout,alignmentX=0.0,alignmentY=0.0,border=,flags=9,maximumSize=,minimumSize=,preferredSize=]
2024-09-17 15:19:27,253 [INFO] NvicIntPanel:101 - NVIC parent = com.st.microxplorer.plugins.ip.nvic.MultiNvicIntPanel[,0,0,0x0,invalid,layout=javax.swing.BoxLayout,alignmentX=0.0,alignmentY=0.0,border=,flags=9,maximumSize=,minimumSize=,preferredSize=]
2024-09-17 15:19:32,401 [INFO] NvicIntPanel:101 - NVIC parent = com.st.microxplorer.plugins.ip.nvic.MultiNvicIntPanel[,0,0,0x0,invalid,layout=javax.swing.BoxLayout,alignmentX=0.0,alignmentY=0.0,border=,flags=9,maximumSize=,minimumSize=,preferredSize=]
2024-09-17 15:19:32,516 [INFO] NvicIntPanel:101 - NVIC parent = com.st.microxplorer.plugins.ip.nvic.MultiNvicIntPanel[,0,0,0x0,invalid,layout=javax.swing.BoxLayout,alignmentX=0.0,alignmentY=0.0,border=,flags=9,maximumSize=,minimumSize=,preferredSize=]
2024-09-17 15:19:37,392 [INFO] NvicIntPanel:101 - NVIC parent = com.st.microxplorer.plugins.ip.nvic.MultiNvicIntPanel[,0,0,0x0,invalid,layout=javax.swing.BoxLayout,alignmentX=0.0,alignmentY=0.0,border=,flags=9,maximumSize=,minimumSize=,preferredSize=]
2024-09-17 15:19:37,491 [INFO] NvicIntPanel:101 - NVIC parent = com.st.microxplorer.plugins.ip.nvic.MultiNvicIntPanel[,0,0,0x0,invalid,layout=javax.swing.BoxLayout,alignmentX=0.0,alignmentY=0.0,border=,flags=9,maximumSize=,minimumSize=,preferredSize=]
2024-09-17 15:19:40,509 [INFO] NvicIntPanel:101 - NVIC parent = com.st.microxplorer.plugins.ip.nvic.MultiNvicIntPanel[,0,0,0x0,invalid,layout=javax.swing.BoxLayout,alignmentX=0.0,alignmentY=0.0,border=,flags=9,maximumSize=,minimumSize=,preferredSize=]
2024-09-17 15:19:40,645 [INFO] NvicIntPanel:101 - NVIC parent = com.st.microxplorer.plugins.ip.nvic.MultiNvicIntPanel[,0,0,0x0,invalid,layout=javax.swing.BoxLayout,alignmentX=0.0,alignmentY=0.0,border=,flags=9,maximumSize=,minimumSize=,preferredSize=]
2024-09-17 15:19:44,972 [INFO] NvicIntPanel:101 - NVIC parent = com.st.microxplorer.plugins.ip.nvic.MultiNvicIntPanel[,0,0,0x0,invalid,layout=javax.swing.BoxLayout,alignmentX=0.0,alignmentY=0.0,border=,flags=9,maximumSize=,minimumSize=,preferredSize=]
2024-09-17 15:19:45,078 [INFO] NvicIntPanel:101 - NVIC parent = com.st.microxplorer.plugins.ip.nvic.MultiNvicIntPanel[,0,0,0x0,invalid,layout=javax.swing.BoxLayout,alignmentX=0.0,alignmentY=0.0,border=,flags=9,maximumSize=,minimumSize=,preferredSize=]
2024-09-17 15:19:48,867 [INFO] NvicIntPanel:101 - NVIC parent = com.st.microxplorer.plugins.ip.nvic.MultiNvicIntPanel[,0,0,0x0,invalid,layout=javax.swing.BoxLayout,alignmentX=0.0,alignmentY=0.0,border=,flags=9,maximumSize=,minimumSize=,preferredSize=]
2024-09-17 15:19:48,991 [INFO] NvicIntPanel:101 - NVIC parent = com.st.microxplorer.plugins.ip.nvic.MultiNvicIntPanel[,0,0,0x0,invalid,layout=javax.swing.BoxLayout,alignmentX=0.0,alignmentY=0.0,border=,flags=9,maximumSize=,minimumSize=,preferredSize=]
2024-09-17 15:19:51,741 [INFO] NvicIntPanel:101 - NVIC parent = com.st.microxplorer.plugins.ip.nvic.MultiNvicIntPanel[,0,0,0x0,invalid,layout=javax.swing.BoxLayout,alignmentX=0.0,alignmentY=0.0,border=,flags=9,maximumSize=,minimumSize=,preferredSize=]
2024-09-17 15:19:51,861 [INFO] NvicIntPanel:101 - NVIC parent = com.st.microxplorer.plugins.ip.nvic.MultiNvicIntPanel[,0,0,0x0,invalid,layout=javax.swing.BoxLayout,alignmentX=0.0,alignmentY=0.0,border=,flags=9,maximumSize=,minimumSize=,preferredSize=]
2024-09-17 15:19:55,229 [INFO] NvicIntPanel:101 - NVIC parent = com.st.microxplorer.plugins.ip.nvic.MultiNvicIntPanel[,0,0,0x0,invalid,layout=javax.swing.BoxLayout,alignmentX=0.0,alignmentY=0.0,border=,flags=9,maximumSize=,minimumSize=,preferredSize=]
2024-09-17 15:19:55,352 [INFO] NvicIntPanel:101 - NVIC parent = com.st.microxplorer.plugins.ip.nvic.MultiNvicIntPanel[,0,0,0x0,invalid,layout=javax.swing.BoxLayout,alignmentX=0.0,alignmentY=0.0,border=,flags=9,maximumSize=,minimumSize=,preferredSize=]
2024-09-17 15:21:38,373 [INFO] ADCParametersView:116 -                Rank 1 : false
2024-09-17 15:21:38,432 [INFO] ADCParametersView:116 -                Rank 1 : false
2024-09-17 15:21:38,432 [INFO] ADCParametersView:116 -                Rank 1 : false
2024-09-17 15:21:38,433 [INFO] ADCParametersView:116 -                Rank 1 : false
2024-09-17 15:21:38,433 [INFO] ADCParametersView:116 -                Rank 1 : false
2024-09-17 15:21:38,433 [INFO] ADCParametersView:116 -                Rank 1 : false
2024-09-17 15:21:38,433 [INFO] ADCParametersView:116 -                Rank 1 : false
2024-09-17 15:21:38,433 [INFO] ADCParametersView:116 -                Rank 1 : false
2024-09-17 15:21:38,434 [INFO] ADCParametersView:116 -                Rank 1 : false
2024-09-17 15:21:38,434 [INFO] ADCParametersView:116 -                Rank 1 : false
2024-09-17 15:21:38,434 [INFO] ADCParametersView:116 -                Rank 1 : false
2024-09-17 15:21:38,434 [INFO] ADCParametersView:116 -                Rank 1 : false
2024-09-17 15:21:38,434 [INFO] ADCParametersView:116 -                Rank 1 : false
2024-09-17 15:21:38,434 [INFO] ADCParametersView:116 -                Rank 1 : false
2024-09-17 15:21:38,434 [INFO] ADCParametersView:116 -                Rank 1 : false
2024-09-17 15:21:38,462 [INFO] ADCParametersView:116 -                Rank 1 : false
2024-09-17 15:21:38,717 [INFO] NvicIntPanel:101 - NVIC parent = com.st.microxplorer.plugins.ip.nvic.MultiNvicIntPanel[,0,0,0x0,invalid,layout=javax.swing.BoxLayout,alignmentX=0.0,alignmentY=0.0,border=,flags=9,maximumSize=,minimumSize=,preferredSize=]
2024-09-17 15:21:39,018 [INFO] NvicIntPanel:101 - NVIC parent = com.st.microxplorer.plugins.ip.nvic.MultiNvicIntPanel[,0,0,0x0,invalid,layout=javax.swing.BoxLayout,alignmentX=0.0,alignmentY=0.0,border=,flags=9,maximumSize=,minimumSize=,preferredSize=]
2024-09-17 15:21:39,347 [INFO] NvicIntPanel:101 - NVIC parent = com.st.microxplorer.plugins.ip.nvic.MultiNvicIntPanel[,0,0,0x0,invalid,layout=javax.swing.BoxLayout,alignmentX=0.0,alignmentY=0.0,border=,flags=9,maximumSize=,minimumSize=,preferredSize=]
2024-09-17 15:21:39,473 [INFO] ADCParametersView:116 -                Rank 1 : false
2024-09-17 15:21:39,474 [INFO] ADCParametersView:116 -                Rank 1 : false
2024-09-17 15:21:39,474 [INFO] ADCParametersView:116 -                Rank 1 : false
2024-09-17 15:21:39,474 [INFO] ADCParametersView:116 -                Rank 1 : false
2024-09-17 15:21:39,474 [INFO] ADCParametersView:116 -                Rank 1 : false
2024-09-17 15:21:39,475 [INFO] ADCParametersView:116 -                Rank 1 : false
2024-09-17 15:21:39,475 [INFO] ADCParametersView:116 -                Rank 1 : false
2024-09-17 15:21:39,475 [INFO] ADCParametersView:116 -                Rank 1 : false
2024-09-17 15:21:39,475 [INFO] ADCParametersView:116 -                Rank 1 : false
2024-09-17 15:21:39,475 [INFO] ADCParametersView:116 -                Rank 1 : false
2024-09-17 15:21:39,475 [INFO] ADCParametersView:116 -                Rank 1 : false
2024-09-17 15:21:39,476 [INFO] ADCParametersView:116 -                Rank 1 : false
2024-09-17 15:21:39,476 [INFO] ADCParametersView:116 -                Rank 1 : false
2024-09-17 15:21:39,476 [INFO] ADCParametersView:116 -                Rank 1 : false
2024-09-17 15:21:39,536 [INFO] ADCParametersView:116 -                Rank 1 : false
2024-09-17 15:21:39,628 [INFO] ADCParametersView:116 -                Rank 1 : false
2024-09-17 15:21:39,629 [INFO] ADCParametersView:116 -                Rank 1 : false
2024-09-17 15:21:39,629 [INFO] ADCParametersView:116 -                Rank 1 : false
2024-09-17 15:21:39,629 [INFO] ADCParametersView:116 -                Rank 1 : false
2024-09-17 15:21:39,629 [INFO] ADCParametersView:116 -                Rank 1 : false
2024-09-17 15:21:39,629 [INFO] ADCParametersView:116 -                Rank 1 : false
2024-09-17 15:21:39,630 [INFO] ADCParametersView:116 -                Rank 1 : false
2024-09-17 15:21:39,630 [INFO] ADCParametersView:116 -                Rank 1 : false
2024-09-17 15:21:39,630 [INFO] ADCParametersView:116 -                Rank 1 : false
2024-09-17 15:21:39,630 [INFO] ADCParametersView:116 -                Rank 1 : false
2024-09-17 15:21:39,630 [INFO] ADCParametersView:116 -                Rank 1 : false
2024-09-17 15:21:39,632 [INFO] ADCParametersView:116 -                Rank 1 : false
2024-09-17 15:21:39,632 [INFO] ADCParametersView:116 -                Rank 1 : false
2024-09-17 15:21:39,633 [INFO] ADCParametersView:116 -                Rank 1 : false
2024-09-17 15:21:39,710 [INFO] ADCParametersView:116 -                Rank 1 : false
2024-09-17 15:21:44,448 [INFO] ADCParametersView:116 -                Rank 1 : false
2024-09-17 15:21:44,449 [INFO] ADCParametersView:116 -                Rank 1 : false
2024-09-17 15:21:44,449 [INFO] ADCParametersView:116 -                Rank 1 : false
2024-09-17 15:21:44,449 [INFO] ADCParametersView:116 -                Rank 1 : false
2024-09-17 15:21:44,449 [INFO] ADCParametersView:116 -                Rank 1 : false
2024-09-17 15:21:44,450 [INFO] ADCParametersView:116 -                Rank 1 : false
2024-09-17 15:21:44,450 [INFO] ADCParametersView:116 -                Rank 1 : false
2024-09-17 15:21:44,450 [INFO] ADCParametersView:116 -                Rank 1 : false
2024-09-17 15:21:44,450 [INFO] ADCParametersView:116 -                Rank 1 : false
2024-09-17 15:21:44,450 [INFO] ADCParametersView:116 -                Rank 1 : false
2024-09-17 15:21:44,450 [INFO] ADCParametersView:116 -                Rank 1 : false
2024-09-17 15:21:44,450 [INFO] ADCParametersView:116 -                Rank 1 : false
2024-09-17 15:21:44,451 [INFO] ADCParametersView:116 -                Rank 1 : false
2024-09-17 15:21:44,451 [INFO] ADCParametersView:116 -                Rank 1 : false
2024-09-17 15:21:44,514 [INFO] ADCParametersView:116 -                Rank 1 : false
2024-09-17 15:21:44,601 [INFO] ADCParametersView:116 -                Rank 1 : false
2024-09-17 15:21:44,602 [INFO] ADCParametersView:116 -                Rank 1 : false
2024-09-17 15:21:44,602 [INFO] ADCParametersView:116 -                Rank 1 : false
2024-09-17 15:21:44,602 [INFO] ADCParametersView:116 -                Rank 1 : false
2024-09-17 15:21:44,602 [INFO] ADCParametersView:116 -                Rank 1 : false
2024-09-17 15:21:44,602 [INFO] ADCParametersView:116 -                Rank 1 : false
2024-09-17 15:21:44,602 [INFO] ADCParametersView:116 -                Rank 1 : false
2024-09-17 15:21:44,602 [INFO] ADCParametersView:116 -                Rank 1 : false
2024-09-17 15:21:44,603 [INFO] ADCParametersView:116 -                Rank 1 : false
2024-09-17 15:21:44,603 [INFO] ADCParametersView:116 -                Rank 1 : false
2024-09-17 15:21:44,603 [INFO] ADCParametersView:116 -                Rank 1 : false
2024-09-17 15:21:44,603 [INFO] ADCParametersView:116 -                Rank 1 : false
2024-09-17 15:21:44,603 [INFO] ADCParametersView:116 -                Rank 1 : false
2024-09-17 15:21:44,607 [INFO] ADCParametersView:116 -                Rank 1 : false
2024-09-17 15:21:44,678 [INFO] ADCParametersView:116 -                Rank 1 : false
2024-09-17 15:21:44,871 [INFO] ADCParametersView:116 -                Rank 1 : false
2024-09-17 15:21:44,872 [INFO] ADCParametersView:116 -                Rank 1 : false
2024-09-17 15:21:44,872 [INFO] ADCParametersView:116 -                Rank 1 : false
2024-09-17 15:21:44,872 [INFO] ADCParametersView:116 -                Rank 1 : false
2024-09-17 15:21:44,872 [INFO] ADCParametersView:116 -                Rank 1 : false
2024-09-17 15:21:44,872 [INFO] ADCParametersView:116 -                Rank 1 : false
2024-09-17 15:21:44,872 [INFO] ADCParametersView:116 -                Rank 1 : false
2024-09-17 15:21:44,872 [INFO] ADCParametersView:116 -                Rank 1 : false
2024-09-17 15:21:44,873 [INFO] ADCParametersView:116 -                Rank 1 : false
2024-09-17 15:21:44,873 [INFO] ADCParametersView:116 -                Rank 1 : false
2024-09-17 15:21:44,873 [INFO] ADCParametersView:116 -                Rank 1 : false
2024-09-17 15:21:44,873 [INFO] ADCParametersView:116 -                Rank 1 : false
2024-09-17 15:21:44,873 [INFO] ADCParametersView:116 -                Rank 1 : false
2024-09-17 15:21:44,873 [INFO] ADCParametersView:116 -                Rank 1 : false
2024-09-17 15:21:44,931 [INFO] ADCParametersView:116 -                Rank 1 : false
2024-09-17 15:21:45,014 [INFO] ADCParametersView:116 -                Rank 1 : false
2024-09-17 15:21:45,014 [INFO] ADCParametersView:116 -                Rank 1 : false
2024-09-17 15:21:45,014 [INFO] ADCParametersView:116 -                Rank 1 : false
2024-09-17 15:21:45,014 [INFO] ADCParametersView:116 -                Rank 1 : false
2024-09-17 15:21:45,014 [INFO] ADCParametersView:116 -                Rank 1 : false
2024-09-17 15:21:45,014 [INFO] ADCParametersView:116 -                Rank 1 : false
2024-09-17 15:21:45,014 [INFO] ADCParametersView:116 -                Rank 1 : false
2024-09-17 15:21:45,015 [INFO] ADCParametersView:116 -                Rank 1 : false
2024-09-17 15:21:45,015 [INFO] ADCParametersView:116 -                Rank 1 : false
2024-09-17 15:21:45,015 [INFO] ADCParametersView:116 -                Rank 1 : false
2024-09-17 15:21:45,015 [INFO] ADCParametersView:116 -                Rank 1 : false
2024-09-17 15:21:45,015 [INFO] ADCParametersView:116 -                Rank 1 : false
2024-09-17 15:21:45,015 [INFO] ADCParametersView:116 -                Rank 1 : false
2024-09-17 15:21:45,015 [INFO] ADCParametersView:116 -                Rank 1 : false
2024-09-17 15:21:45,097 [INFO] ADCParametersView:116 -                Rank 1 : false
2024-09-17 15:21:52,231 [INFO] UtilMem:75 - End SaveConfig() Used Memory: 736602688 Bytes (1073741824)
2024-09-17 15:21:57,353 [INFO] UtilMem:75 - End SaveConfig() Used Memory: 765868392 Bytes (1073741824)
2024-09-17 15:22:22,664 [INFO] AnalyticsPlugin:368 - Accepted License(s): [FW.F4.1.28.0]
2024-09-17 15:22:22,666 [INFO] FileExtend:240 - Unzip File : stm32cube_fw_f4_v1280.zip
2024-09-17 15:22:22,666 [INFO] FileExtend:255 - Standard Zip Deflate
2024-09-17 15:23:57,735 [INFO] ServerAccessManage:473 - Download File stm32cube_fw_f4_v1281.zip
2024-09-17 15:24:09,795 [INFO] FileExtend:240 - Unzip File : stm32cube_fw_f4_v1281.zip
2024-09-17 15:24:09,795 [INFO] FileExtend:255 - Standard Zip Deflate
2024-09-17 15:25:11,422 [WARN] LoadServerPackagesThread:1331 - Error 1st try while moving folder into repository: C:\Users\tommy\STM32Cube\Repository\STM32Cube_FW_F4_V1.28.1
2024-09-17 15:25:16,727 [INFO] LoadServerPackagesThread:196 - End of LoadServerPackages Thread
2024-09-17 15:25:16,966 [INFO] ThirdPartyModel:298 - Start build external matchings
2024-09-17 15:25:16,998 [INFO] UtilMem:75 - End SaveConfig() Used Memory: 1060644928 Bytes (1073741824)
2024-09-17 15:25:17,929 [INFO] BlockDiagram:2759 - set Specific Code input for plugin: SPI
2024-09-17 15:25:17,931 [INFO] BlockDiagram:2759 - set Specific Code input for plugin: CAN
2024-09-17 15:25:17,931 [INFO] BlockDiagram:2759 - set Specific Code input for plugin: SYS
2024-09-17 15:25:17,931 [INFO] BlockDiagram:2759 - set Specific Code input for plugin: ADC
2024-09-17 15:25:17,931 [INFO] BlockDiagram:2759 - set Specific Code input for plugin: RCC
2024-09-17 15:25:17,931 [INFO] BlockDiagram:2759 - set Specific Code input for plugin: I2C
2024-09-17 15:25:17,931 [INFO] BlockDiagram:2759 - set Specific Code input for plugin: NVIC
2024-09-17 15:25:17,931 [INFO] BlockDiagram:2759 - set Specific Code input for plugin: USART
2024-09-17 15:25:17,932 [INFO] BlockDiagram:2759 - set Specific Code input for plugin: GPIO
2024-09-17 15:25:17,934 [INFO] CodeGenerator:807 - code generatio: config db path: C:\ST\STM32CubeIDE_1.15.1\STM32CubeIDE\plugins\com.st.stm32cube.common.mx_6.11.1.202404110753\\db\
2024-09-17 15:25:17,964 [WARN] IP:2120 - I2C_Coeff_DF not found: check if there is a RefParameter without a condition.
2024-09-17 15:25:17,965 [WARN] IP:2120 - Analog_Filter not found: check if there is a RefParameter without a condition.
2024-09-17 15:25:18,237 [INFO] CodeEngine:255 - oldGeneratedFile, C:\Users\tommy\Documents\GitHub\FSAE-HMI-2024\STM32\PP\MXTmpFiles\license.tmp_save
2024-09-17 15:25:18,774 [INFO] ThirdPartyModel:316 - End build external matchings
2024-09-17 15:25:18,794 [INFO] CheckServerUpdateThread:120 - End of CheckServer Thread
2024-09-17 15:25:19,067 [INFO] CodeEngine:279 - Generated code: C:\Users\tommy\Documents\GitHub\FSAE-HMI-2024\STM32\PP\MXTmpFiles\license.tmp
2024-09-17 15:25:19,208 [INFO] CodeEngine:255 - oldGeneratedFile, C:\Users\tommy\Documents\GitHub\FSAE-HMI-2024\STM32\PP\MXTmpFiles\gpio.tmp_save
2024-09-17 15:25:19,469 [INFO] CodeEngine:279 - Generated code: C:\Users\tommy\Documents\GitHub\FSAE-HMI-2024\STM32\PP\MXTmpFiles\gpio.tmp
2024-09-17 15:25:20,101 [INFO] CodeEngine:255 - oldGeneratedFile, C:\Users\tommy\Documents\GitHub\FSAE-HMI-2024\STM32\PP\Core\Src\stm32f4xx_it.c_save
2024-09-17 15:25:20,381 [INFO] CodeEngine:279 - Generated code: C:\Users\tommy\Documents\GitHub\FSAE-HMI-2024\STM32\PP\Core\Src\stm32f4xx_it.c
2024-09-17 15:25:20,392 [INFO] CodeEngine:255 - oldGeneratedFile, C:\Users\tommy\Documents\GitHub\FSAE-HMI-2024\STM32\PP\Core\Inc\stm32f4xx_it.h_save
2024-09-17 15:25:20,559 [INFO] CodeEngine:279 - Generated code: C:\Users\tommy\Documents\GitHub\FSAE-HMI-2024\STM32\PP\Core\Inc\stm32f4xx_it.h
2024-09-17 15:25:20,591 [INFO] CodeEngine:255 - oldGeneratedFile, C:\Users\tommy\Documents\GitHub\FSAE-HMI-2024\STM32\PP\Core\Src\stm32f4xx_hal_msp.c_save
2024-09-17 15:25:20,929 [INFO] CodeEngine:279 - Generated code: C:\Users\tommy\Documents\GitHub\FSAE-HMI-2024\STM32\PP\Core\Src\stm32f4xx_hal_msp.c
2024-09-17 15:25:20,941 [INFO] CodeEngine:255 - oldGeneratedFile, C:\Users\tommy\Documents\GitHub\FSAE-HMI-2024\STM32\PP\MXTmpFiles\system.tmp_save
2024-09-17 15:25:21,131 [INFO] CodeEngine:279 - Generated code: C:\Users\tommy\Documents\GitHub\FSAE-HMI-2024\STM32\PP\MXTmpFiles\system.tmp
2024-09-17 15:25:21,166 [INFO] CodeEngine:311 - oldGeneratedFile, C:\Users\tommy\Documents\GitHub\FSAE-HMI-2024\STM32\PP\Core\Inc\stm32f4xx_hal_conf.h_save
2024-09-17 15:25:21,368 [INFO] CodeEngine:335 - Generated code: C:\Users\tommy\Documents\GitHub\FSAE-HMI-2024\STM32\PP\Core\Inc\stm32f4xx_hal_conf.h
2024-09-17 15:25:21,463 [WARN] IPConfigManager:2982 - Warning: the RefConfig PLL2P_FOR_MCO is not available in your config.xml file
2024-09-17 15:25:21,509 [INFO] CodeEngine:255 - oldGeneratedFile, C:\Users\tommy\Documents\GitHub\FSAE-HMI-2024\STM32\PP\Core\Inc\main.h_save
2024-09-17 15:25:21,720 [INFO] CodeEngine:279 - Generated code: C:\Users\tommy\Documents\GitHub\FSAE-HMI-2024\STM32\PP\Core\Inc\main.h
2024-09-17 15:25:21,733 [INFO] CodeEngine:255 - oldGeneratedFile, C:\Users\tommy\Documents\GitHub\FSAE-HMI-2024\STM32\PP\Core\Src\main.c_save
2024-09-17 15:25:22,124 [INFO] CodeEngine:279 - Generated code: C:\Users\tommy\Documents\GitHub\FSAE-HMI-2024\STM32\PP\Core\Src\main.c
2024-09-17 15:25:23,035 [INFO] ProjectBuilder:3163 - Time for Copy HAL[1] : 458mS.
2024-09-17 15:25:23,050 [INFO] ProjectBuilder:4736 - Project Generator version: 4.3.0-B58
2024-09-17 15:25:23,255 [INFO] ConfigFileManager:1503 - The Die is : DIE421
2024-09-17 15:25:23,414 [INFO] ApiDbMcu:508 - Load IP Config File for FATFS
2024-09-17 15:25:23,495 [INFO] ApiDbMcu:508 - Load IP Config File for FREERTOS
2024-09-17 15:25:23,508 [INFO] ApiDbMcu:508 - Load IP Config File for LIBJPEG
2024-09-17 15:25:23,620 [INFO] ApiDbMcu:508 - Load IP Config File for MBEDTLS
2024-09-17 15:25:23,716 [INFO] ApiDbMcu:508 - Load IP Config File for USB_DEVICE
2024-09-17 15:25:23,748 [INFO] ApiDbMcu:508 - Load IP Config File for USB_HOST
2024-09-17 15:25:24,770 [INFO] LogOutputStream:77 - [STDOUT_REDIRECT] 
2024-09-17 15:25:31,637 [INFO] ProjectBuilder:5002 - Time for Generating toolchain IDE Files: 8586mS.
2024-09-17 15:25:31,638 [INFO] ProjectBuilder:3034 - Time for Copy CMSIS : 1mS.
2024-09-17 15:25:31,643 [INFO] ProjectBuilder:3034 - Time for Copy CMSIS : 0mS.
2024-09-17 15:32:34,470 [ERROR] LogOutputStream:75 - [STDERR_REDIRECT] 
2024-09-17 16:24:46,930 [INFO] Activator:176 - 


2024-09-17 16:24:46,936 [INFO] Activator:177 - !SESSION log4j initialized
2024-09-17 16:25:09,777 [INFO] LogOutputStream:77 - [STDOUT_REDIRECT] 
2024-09-17 16:25:12,538 [INFO] ApplicationProperties:184 - Using Application install path: C:\ST\STM32CubeIDE_1.15.1\STM32CubeIDE\plugins\com.st.stm32cube.common.mx_6.11.1.202404110753
2024-09-17 16:25:12,628 [INFO] DbMcusXml:78 - Set database path to: C:\ST\STM32CubeIDE_1.15.1\STM32CubeIDE\plugins\com.st.stm32cube.common.mx_6.11.1.202404110753\\db\/mcu/
2024-09-17 16:25:12,628 [INFO] ApiDb:274 - Set plugin database path to: C:\ST\STM32CubeIDE_1.15.1\STM32CubeIDE\plugins\com.st.stm32cube.common.mx_6.11.1.202404110753\\db\/plugins/boardmanager/
2024-09-17 16:25:12,629 [WARN] ApiDb:259 - Overriding images path with different value:  => C:\ST\STM32CubeIDE_1.15.1\STM32CubeIDE\plugins\com.st.stm32cube.common.mx_6.11.1.202404110753\\db\/plugins/mcufinder/images/
2024-09-17 16:25:12,688 [INFO] ApiDb:250 - Set database path to: C:\Users\tommy\.stmcufinder\plugins\mcufinder//mcu/
2024-09-17 16:25:12,690 [INFO] DbMcusAds:125 - Set database path to: C:\Users\tommy\.stmcufinder\plugins\mcufinder//mcu/
2024-09-17 16:25:12,695 [INFO] CrossReferenceDbSqlite:203 - Set database path to: C:\Users\tommy\.stmcufinder\plugins\mcufinder//mcu/cs/
2024-09-17 16:25:13,007 [INFO] RulesReader:64 - Compatibility file has been processed (297 Rules)
2024-09-17 16:25:13,244 [INFO] DbMcusXml:78 - Set database path to: C:\ST\STM32CubeIDE_1.15.1\STM32CubeIDE\plugins\com.st.stm32cube.common.mx_6.11.1.202404110753\\db\/mcu/
2024-09-17 16:25:13,244 [INFO] ApiDb:274 - Set plugin database path to: C:\ST\STM32CubeIDE_1.15.1\STM32CubeIDE\plugins\com.st.stm32cube.common.mx_6.11.1.202404110753\\db\/plugins/boardmanager/
2024-09-17 16:25:13,245 [INFO] ApiDb:261 - Set plugin images path to: C:\ST\STM32CubeIDE_1.15.1\STM32CubeIDE\plugins\com.st.stm32cube.common.mx_6.11.1.202404110753\\db\/plugins/mcufinder/images/
2024-09-17 16:25:13,246 [WARN] DbFile:41 - Overriding database path with different value: C:\Users\tommy\.stmcufinder\plugins\mcufinder/ => C:\Users\tommy\.stmcufinder\plugins\mcufinder
2024-09-17 16:25:13,246 [INFO] ApiDb:250 - Set database path to: C:\Users\tommy\.stmcufinder\plugins\mcufinder//mcu/
2024-09-17 16:25:13,246 [WARN] DbFile:41 - Overriding database path with different value: C:\Users\tommy\.stmcufinder\plugins\mcufinder/ => C:\Users\tommy\.stmcufinder\plugins\mcufinder
2024-09-17 16:25:13,247 [INFO] DbMcusAds:125 - Set database path to: C:\Users\tommy\.stmcufinder\plugins\mcufinder//mcu/
2024-09-17 16:25:13,247 [WARN] DbFile:41 - Overriding database path with different value: C:\Users\tommy\.stmcufinder\plugins\mcufinder/ => C:\Users\tommy\.stmcufinder\plugins\mcufinder
2024-09-17 16:25:13,247 [WARN] DbFile:41 - Overriding database path with different value: C:\Users\tommy\.stmcufinder\plugins\mcufinder/ => C:\Users\tommy\.stmcufinder\plugins\mcufinder
2024-09-17 16:25:13,247 [INFO] CrossReferenceDbSqlite:203 - Set database path to: C:\Users\tommy\.stmcufinder\plugins\mcufinder//mcu/cs/
2024-09-17 16:25:13,457 [INFO] MainPanel:264 - HeapMemory: 268435456
2024-09-17 16:25:13,661 [INFO] DbMcusXml:78 - Set database path to: C:\ST\STM32CubeIDE_1.15.1\STM32CubeIDE\plugins\com.st.stm32cube.common.mx_6.11.1.202404110753\\db\/mcu/
2024-09-17 16:25:13,662 [INFO] ApiDb:274 - Set plugin database path to: C:\ST\STM32CubeIDE_1.15.1\STM32CubeIDE\plugins\com.st.stm32cube.common.mx_6.11.1.202404110753\\db\/plugins/boardmanager/
2024-09-17 16:25:13,662 [INFO] ApiDb:261 - Set plugin images path to: C:\ST\STM32CubeIDE_1.15.1\STM32CubeIDE\plugins\com.st.stm32cube.common.mx_6.11.1.202404110753\\db\/plugins/mcufinder/images/
2024-09-17 16:25:13,663 [WARN] DbFile:41 - Overriding database path with different value: C:\Users\tommy\.stmcufinder\plugins\mcufinder/ => C:\Users\tommy\.stmcufinder\plugins\mcufinder
2024-09-17 16:25:13,664 [INFO] ApiDb:250 - Set database path to: C:\Users\tommy\.stmcufinder\plugins\mcufinder//mcu/
2024-09-17 16:25:13,664 [WARN] DbFile:41 - Overriding database path with different value: C:\Users\tommy\.stmcufinder\plugins\mcufinder/ => C:\Users\tommy\.stmcufinder\plugins\mcufinder
2024-09-17 16:25:13,664 [INFO] DbMcusAds:125 - Set database path to: C:\Users\tommy\.stmcufinder\plugins\mcufinder//mcu/
2024-09-17 16:25:13,665 [WARN] DbFile:41 - Overriding database path with different value: C:\Users\tommy\.stmcufinder\plugins\mcufinder/ => C:\Users\tommy\.stmcufinder\plugins\mcufinder
2024-09-17 16:25:13,665 [WARN] DbFile:41 - Overriding database path with different value: C:\Users\tommy\.stmcufinder\plugins\mcufinder/ => C:\Users\tommy\.stmcufinder\plugins\mcufinder
2024-09-17 16:25:13,665 [INFO] CrossReferenceDbSqlite:203 - Set database path to: C:\Users\tommy\.stmcufinder\plugins\mcufinder//mcu/cs/
2024-09-17 16:25:13,701 [INFO] ApplicationProperties:184 - Using Application install path: C:\ST\STM32CubeIDE_1.15.1\STM32CubeIDE\plugins\com.st.stm32cube.common.mx_6.11.1.202404110753
2024-09-17 16:25:13,704 [INFO] PluginManage:196 - Search for loadable plugins [exclusion list=, ]
2024-09-17 16:25:13,707 [INFO] PluginManage:310 - Check plugin analytics
2024-09-17 16:25:14,195 [INFO] AnalyticsPlugin:253 - Accepted Software Licenses: STM32CubeMX.6.11.1
2024-09-17 16:25:14,197 [INFO] AnalyticsPlugin:255 - Accepted CMSIS Pack Licenses: 
2024-09-17 16:25:14,198 [INFO] AnalyticsPlugin:257 - Accepted Firmware Licenses: FW.F4.1.28.0
2024-09-17 16:25:14,204 [INFO] PluginManage:359 - Loaded plugin analytics (category:tool,tabindex:-1)
2024-09-17 16:25:14,205 [INFO] PluginManage:310 - Check plugin cadmodel
2024-09-17 16:25:14,219 [INFO] CADModel:105 - Init CAD model plugin
2024-09-17 16:25:14,220 [INFO] PluginManage:359 - Loaded plugin cadmodel (category:power,tabindex:5)
2024-09-17 16:25:14,220 [INFO] PluginManage:310 - Check plugin clock
2024-09-17 16:25:14,242 [INFO] PluginManage:359 - Loaded plugin clock (category:base,tabindex:2)
2024-09-17 16:25:14,242 [INFO] PluginManage:310 - Check plugin ddr
2024-09-17 16:25:14,248 [INFO] PluginManage:359 - Loaded plugin ddr (category:tool,tabindex:6)
2024-09-17 16:25:14,249 [INFO] PluginManage:310 - Check plugin filemanager
2024-09-17 16:25:14,616 [INFO] PluginManage:359 - Loaded plugin filemanager (category:base,tabindex:10)
2024-09-17 16:25:14,616 [INFO] PluginManage:310 - Check plugin ipmanager
2024-09-17 16:25:14,636 [INFO] PluginManage:359 - Loaded plugin ipmanager (category:base,tabindex:5)
2024-09-17 16:25:14,636 [INFO] PluginManage:310 - Check plugin lpbam
2024-09-17 16:25:14,657 [INFO] PluginManage:359 - Loaded plugin lpbam (category:base,tabindex:0)
2024-09-17 16:25:14,657 [INFO] PluginManage:310 - Check plugin memorymap
2024-09-17 16:25:14,693 [INFO] PluginManage:359 - Loaded plugin memorymap (category:base,tabindex:4)
2024-09-17 16:25:14,693 [INFO] PluginManage:310 - Check plugin pinoutandconfiguration
2024-09-17 16:25:14,718 [INFO] PluginManage:359 - Loaded plugin pinoutandconfiguration (category:base,tabindex:1)
2024-09-17 16:25:14,718 [INFO] PluginManage:310 - Check plugin pinoutconfig
2024-09-17 16:25:15,018 [WARN] SupportedApi:132 - Cannot load RTOS API schema: s4s-elt-must-match.1: The content of 'definitions' must match (annotation?, (simpleType | complexType)?, (unique | key | keyref)*)). A problem was found starting at: attribute.
2024-09-17 16:25:15,443 [INFO] PluginManage:359 - Loaded plugin pinoutconfig (category:base,tabindex:0)
2024-09-17 16:25:15,443 [INFO] PluginManage:310 - Check plugin power
2024-09-17 16:25:15,469 [INFO] PluginManage:359 - Loaded plugin power (category:power,tabindex:4)
2024-09-17 16:25:15,470 [INFO] PluginManage:310 - Check plugin projectmanager
2024-09-17 16:25:15,525 [INFO] PluginManage:359 - Loaded plugin projectmanager (category:projectmanager,tabindex:3)
2024-09-17 16:25:15,525 [INFO] PluginManage:310 - Check plugin thirdparty
2024-09-17 16:25:15,913 [INFO] PluginManage:359 - Loaded plugin thirdparty (category:base,tabindex:-1)
2024-09-17 16:25:15,914 [INFO] PluginManage:310 - Check plugin tools
2024-09-17 16:25:15,925 [INFO] PluginManage:359 - Loaded plugin tools (category:base,tabindex:7)
2024-09-17 16:25:15,925 [INFO] PluginManage:310 - Check plugin tutovideos
2024-09-17 16:25:15,939 [WARN] IntegrityCheckThread:84 - waiting for thirdparty lock release [integrity check]
2024-09-17 16:25:15,941 [INFO] IntegrityCheckThread:86 - entering critical section [integrity check]
2024-09-17 16:25:15,941 [INFO] ThirdPartyUpdaterWithRetryManager:70 - Updater plugin not ready yet. [1/15]
2024-09-17 16:25:16,440 [INFO] PluginManage:359 - Loaded plugin tutovideos (category:base,tabindex:-1)
2024-09-17 16:25:16,440 [INFO] PluginManage:310 - Check plugin updater
2024-09-17 16:25:16,474 [INFO] PluginManage:359 - Loaded plugin updater (category:base,tabindex:12)
2024-09-17 16:25:16,475 [INFO] PluginManage:310 - Check plugin userauth
2024-09-17 16:25:16,490 [INFO] UserAuth:114 - Init User Auth plugin
2024-09-17 16:25:16,490 [INFO] PluginManage:359 - Loaded plugin userauth (category:base,tabindex:14)
2024-09-17 16:25:16,491 [INFO] PluginManage:283 - PluginManage : Loaded plugins [17]
2024-09-17 16:25:17,165 [INFO] PinOutPanel:1561 - setPackage(No Configuration,No Configuration)
2024-09-17 16:25:17,420 [INFO] CADModel:165 - CPN selected for project level
2024-09-17 16:25:17,420 [INFO] CADModel:114 - Register for checkConnection events
2024-09-17 16:25:17,470 [INFO] IPUIPlugin:80 - create IPUIPlugin
2024-09-17 16:25:17,470 [INFO] PluginManager:220 - loadIPPluginJar : add adc
2024-09-17 16:25:17,477 [INFO] IPUIPlugin:80 - create IPUIPlugin
2024-09-17 16:25:17,477 [INFO] PluginManager:220 - loadIPPluginJar : add aes
2024-09-17 16:25:17,485 [INFO] IPUIPlugin:80 - create IPUIPlugin
2024-09-17 16:25:17,486 [INFO] PluginManager:220 - loadIPPluginJar : add can
2024-09-17 16:25:17,490 [INFO] IPUIPlugin:80 - create IPUIPlugin
2024-09-17 16:25:17,490 [INFO] PluginManager:220 - loadIPPluginJar : add comp
2024-09-17 16:25:17,499 [INFO] IPUIPlugin:80 - create IPUIPlugin
2024-09-17 16:25:17,499 [INFO] PluginManager:220 - loadIPPluginJar : add cryp
2024-09-17 16:25:17,507 [INFO] IPUIPlugin:80 - create IPUIPlugin
2024-09-17 16:25:17,507 [INFO] PluginManager:220 - loadIPPluginJar : add dfsdm
2024-09-17 16:25:17,531 [INFO] IPUIPlugin:80 - create IPUIPlugin
2024-09-17 16:25:17,532 [INFO] PluginManager:220 - loadIPPluginJar : add dma
2024-09-17 16:25:17,541 [INFO] IPUIPlugin:80 - create IPUIPlugin
2024-09-17 16:25:17,542 [INFO] PluginManager:220 - loadIPPluginJar : add dma3
2024-09-17 16:25:17,553 [INFO] IPUIPlugin:80 - create IPUIPlugin
2024-09-17 16:25:17,553 [INFO] PluginManager:220 - loadIPPluginJar : add extmemmanager
2024-09-17 16:25:17,558 [INFO] IPUIPlugin:80 - create IPUIPlugin
2024-09-17 16:25:17,558 [INFO] PluginManager:220 - loadIPPluginJar : add fatfs
2024-09-17 16:25:17,572 [INFO] IPUIPlugin:80 - create IPUIPlugin
2024-09-17 16:25:17,572 [INFO] PluginManager:220 - loadIPPluginJar : add fmc
2024-09-17 16:25:17,590 [INFO] IPUIPlugin:80 - create IPUIPlugin
2024-09-17 16:25:17,591 [INFO] PluginManager:220 - loadIPPluginJar : add freertos
2024-09-17 16:25:17,596 [INFO] IPUIPlugin:80 - create IPUIPlugin
2024-09-17 16:25:17,597 [INFO] PluginManager:220 - loadIPPluginJar : add genericplugin
2024-09-17 16:25:17,604 [INFO] IPUIPlugin:80 - create IPUIPlugin
2024-09-17 16:25:17,604 [INFO] PluginManager:220 - loadIPPluginJar : add gfxmmu
2024-09-17 16:25:17,622 [INFO] IPUIPlugin:80 - create IPUIPlugin
2024-09-17 16:25:17,622 [INFO] PluginManager:220 - loadIPPluginJar : add gic
2024-09-17 16:25:17,634 [INFO] IPUIPlugin:80 - create IPUIPlugin
2024-09-17 16:25:17,635 [INFO] PluginManager:220 - loadIPPluginJar : add gpio
2024-09-17 16:25:17,644 [INFO] IPUIPlugin:80 - create IPUIPlugin
2024-09-17 16:25:17,644 [INFO] PluginManager:220 - loadIPPluginJar : add gtzc
2024-09-17 16:25:17,652 [INFO] IPUIPlugin:80 - create IPUIPlugin
2024-09-17 16:25:17,653 [INFO] PluginManager:220 - loadIPPluginJar : add hash
2024-09-17 16:25:17,661 [INFO] IPUIPlugin:80 - create IPUIPlugin
2024-09-17 16:25:17,662 [INFO] PluginManager:220 - loadIPPluginJar : add i2c
2024-09-17 16:25:17,670 [INFO] IPUIPlugin:80 - create IPUIPlugin
2024-09-17 16:25:17,670 [INFO] PluginManager:220 - loadIPPluginJar : add i2s
2024-09-17 16:25:17,678 [INFO] IPUIPlugin:80 - create IPUIPlugin
2024-09-17 16:25:17,679 [INFO] PluginManager:220 - loadIPPluginJar : add i3c
2024-09-17 16:25:17,690 [INFO] IPUIPlugin:80 - create IPUIPlugin
2024-09-17 16:25:17,690 [INFO] PluginManager:220 - loadIPPluginJar : add ipddr
2024-09-17 16:25:17,704 [INFO] IPUIPlugin:80 - create IPUIPlugin
2024-09-17 16:25:17,704 [INFO] PluginManager:220 - loadIPPluginJar : add linkedlist
2024-09-17 16:25:17,711 [INFO] IPUIPlugin:80 - create IPUIPlugin
2024-09-17 16:25:17,711 [INFO] PluginManager:220 - loadIPPluginJar : add lorawan
2024-09-17 16:25:17,715 [INFO] IPUIPlugin:80 - create IPUIPlugin
2024-09-17 16:25:17,715 [INFO] PluginManager:220 - loadIPPluginJar : add ltdc
2024-09-17 16:25:17,732 [INFO] IPUIPlugin:80 - create IPUIPlugin
2024-09-17 16:25:17,733 [INFO] PluginManager:220 - loadIPPluginJar : add mdma
2024-09-17 16:25:17,741 [INFO] IPUIPlugin:80 - create IPUIPlugin
2024-09-17 16:25:17,741 [INFO] PluginManager:220 - loadIPPluginJar : add nvic
2024-09-17 16:25:17,749 [INFO] IPUIPlugin:80 - create IPUIPlugin
2024-09-17 16:25:17,749 [INFO] PluginManager:220 - loadIPPluginJar : add opamp
2024-09-17 16:25:17,760 [INFO] IPUIPlugin:80 - create IPUIPlugin
2024-09-17 16:25:17,761 [INFO] PluginManager:220 - loadIPPluginJar : add openamp
2024-09-17 16:25:17,771 [INFO] IPUIPlugin:80 - create IPUIPlugin
2024-09-17 16:25:17,771 [INFO] PluginManager:220 - loadIPPluginJar : add pdm2pcm
2024-09-17 16:25:17,789 [INFO] IPUIPlugin:80 - create IPUIPlugin
2024-09-17 16:25:17,797 [INFO] PluginManager:220 - loadIPPluginJar : add plateformsettings
2024-09-17 16:25:17,802 [INFO] IPUIPlugin:80 - create IPUIPlugin
2024-09-17 16:25:17,802 [INFO] PluginManager:220 - loadIPPluginJar : add quadspi
2024-09-17 16:25:17,813 [INFO] IPUIPlugin:80 - create IPUIPlugin
2024-09-17 16:25:17,813 [INFO] PluginManager:220 - loadIPPluginJar : add resmgrutility
2024-09-17 16:25:17,822 [INFO] IPUIPlugin:80 - create IPUIPlugin
2024-09-17 16:25:17,822 [INFO] PluginManager:220 - loadIPPluginJar : add sai
2024-09-17 16:25:17,834 [INFO] IPUIPlugin:80 - create IPUIPlugin
2024-09-17 16:25:17,834 [INFO] PluginManager:220 - loadIPPluginJar : add spi
2024-09-17 16:25:17,850 [INFO] IPUIPlugin:80 - create IPUIPlugin
2024-09-17 16:25:17,850 [INFO] PluginManager:220 - loadIPPluginJar : add stm32_wpan
2024-09-17 16:25:17,857 [INFO] IPUIPlugin:80 - create IPUIPlugin
2024-09-17 16:25:17,857 [INFO] PluginManager:220 - loadIPPluginJar : add tim
2024-09-17 16:25:17,872 [INFO] IPUIPlugin:80 - create IPUIPlugin
2024-09-17 16:25:17,872 [INFO] PluginManager:220 - loadIPPluginJar : add touchsensing
2024-09-17 16:25:17,880 [INFO] IPUIPlugin:80 - create IPUIPlugin
2024-09-17 16:25:17,880 [INFO] PluginManager:220 - loadIPPluginJar : add tracer_emb
2024-09-17 16:25:17,886 [INFO] IPUIPlugin:80 - create IPUIPlugin
2024-09-17 16:25:17,886 [INFO] PluginManager:220 - loadIPPluginJar : add ts
2024-09-17 16:25:17,891 [INFO] IPUIPlugin:80 - create IPUIPlugin
2024-09-17 16:25:17,892 [INFO] PluginManager:220 - loadIPPluginJar : add tsc
2024-09-17 16:25:17,900 [INFO] IPUIPlugin:80 - create IPUIPlugin
2024-09-17 16:25:17,900 [INFO] PluginManager:220 - loadIPPluginJar : add ucpd
2024-09-17 16:25:17,910 [INFO] IPUIPlugin:80 - create IPUIPlugin
2024-09-17 16:25:17,911 [INFO] PluginManager:220 - loadIPPluginJar : add usart
2024-09-17 16:25:17,920 [INFO] IPUIPlugin:80 - create IPUIPlugin
2024-09-17 16:25:17,921 [INFO] PluginManager:220 - loadIPPluginJar : add usbx
2024-09-17 16:25:18,182 [INFO] CADModel:165 - CPN selected for project level
2024-09-17 16:25:18,182 [INFO] CADModel:114 - Register for checkConnection events
2024-09-17 16:25:18,183 [FATAL] Updater:308 - Updater called before beeing initialized
2024-09-17 16:25:18,183 [ERROR] CADModel:125 - Updater not yet initialized, retry later 
2024-09-17 16:25:18,785 [INFO] CADModel:165 - CPN selected for project level
2024-09-17 16:25:18,785 [INFO] CADModel:114 - Register for checkConnection events
2024-09-17 16:25:18,785 [FATAL] Updater:308 - Updater called before beeing initialized
2024-09-17 16:25:18,785 [ERROR] CADModel:125 - Updater not yet initialized, retry later 
2024-09-17 16:25:18,794 [FATAL] Updater:308 - Updater called before beeing initialized
2024-09-17 16:25:18,946 [INFO] ThirdPartyUpdaterWithRetryManager:70 - Updater plugin not ready yet. [2/15]
2024-09-17 16:25:19,223 [FATAL] Updater:308 - Updater called before beeing initialized
2024-09-17 16:25:19,240 [INFO] DbMcusAds:53 - JSON generation date=Mon Sep 16 10:40:22 EDT 2024 (1726497622318)
2024-09-17 16:25:19,240 [FATAL] Updater:308 - Updater called before beeing initialized
2024-09-17 16:25:19,386 [WARN] DetailPanel:346 - Failed to get advertising image, set to default
2024-09-17 16:25:19,685 [FATAL] Updater:308 - Updater called before beeing initialized
2024-09-17 16:25:19,690 [FATAL] Updater:308 - Updater called before beeing initialized
2024-09-17 16:25:19,691 [FATAL] Updater:308 - Updater called before beeing initialized
2024-09-17 16:25:19,691 [WARN] DetailPanel:346 - Failed to get advertising image, set to default
2024-09-17 16:25:19,693 [FATAL] Updater:308 - Updater called before beeing initialized
2024-09-17 16:25:19,868 [ERROR] Updater:1120 - MainUpdater not yet initialized. External WinMGr cannot be set.
2024-09-17 16:25:19,874 [INFO] Updater:1056 - Updater Version found : 6.11.1
2024-09-17 16:25:19,935 [INFO] ApplicationProperties:184 - Using Application install path: C:\ST\STM32CubeIDE_1.15.1\STM32CubeIDE\plugins\com.st.stm32cube.common.mx_6.11.1.202404110753
2024-09-17 16:25:20,826 [INFO] MainUpdater:2873 - connection check result : 10
2024-09-17 16:25:20,828 [INFO] MainUpdater:290 - Updater Check For Update Now.
2024-09-17 16:25:20,828 [INFO] MicroXplorer:498 - Change Database Version : DB.6.0.111
2024-09-17 16:25:20,853 [INFO] McuFinderGlobals:63 - Set McuFinder mode to 2 (CubeIDE integrated)
2024-09-17 16:25:20,881 [INFO] UserAuth:415 - Internet connection configuration mode: 1
2024-09-17 16:25:20,955 [INFO] JxBrowserEngine:152 - Initiate JxBrowser Engine with user profile folder
2024-09-17 16:25:21,802 [INFO] CheckServerUpdateThread:120 - End of CheckServer Thread
2024-09-17 16:25:23,514 [WARN] PackLoader:240 - Cannot read IP mode file for STMicroelectronics.FP-SNS-MOTENVWB1.1.4.0
2024-09-17 16:25:23,641 [WARN] PackLoader:240 - Cannot read IP mode file for STMicroelectronics.X-CUBE-SMBUS.2.1.0
2024-09-17 16:25:23,685 [WARN] PackLoader:240 - Cannot read IP mode file for STMicroelectronics.X-CUBE-TOUCHGFX.4.23.2
2024-09-17 16:25:23,985 [WARN] PackLoader:240 - Cannot read IP mode file for STMicroelectronics.X-CUBE-AZRTOS-F7.1.1.0
2024-09-17 16:25:24,732 [WARN] PackLoader:240 - Cannot read IP mode file for STMicroelectronics.X-CUBE-MEMS1.11.0.0
2024-09-17 16:25:24,971 [INFO] WebApp:161 - Instantiating new browser for Auth
2024-09-17 16:25:26,329 [WARN] PackLoader:240 - Cannot read IP mode file for STMicroelectronics.FP-SNS-FLIGHT1.5.0.2
2024-09-17 16:25:26,358 [WARN] PackLoader:240 - Cannot read IP mode file for STMicroelectronics.X-CUBE-DISPLAY.3.0.0
2024-09-17 16:25:26,394 [WARN] PackLoader:240 - Cannot read IP mode file for STMicroelectronics.X-CUBE-BLE1.7.0.0
2024-09-17 16:25:26,416 [WARN] PackLoader:240 - Cannot read IP mode file for emotas.I-CUBE-CANOPEN.1.3.0
2024-09-17 16:25:26,498 [WARN] PackLoader:240 - Cannot read IP mode file for STMicroelectronics.X-CUBE-BLEMGR.3.1.0
2024-09-17 16:25:26,524 [WARN] PackLoader:240 - Cannot read IP mode file for STMicroelectronics.FP-SNS-SMARTAG2.1.2.0
2024-09-17 16:25:26,586 [INFO] LogOutputStream:77 - [STDOUT_REDIRECT] 1 : Invalid condition id : UX_CORESTACK_Condition cause : null
2024-09-17 16:25:26,588 [INFO] LogOutputStream:77 - [STDOUT_REDIRECT] 1 : Invalid condition id : UX_CORESTACK_Condition cause : null
2024-09-17 16:25:26,594 [INFO] LogOutputStream:77 - [STDOUT_REDIRECT] 1 : Invalid condition id : UX_CORESTACK_Condition cause : null
2024-09-17 16:25:26,599 [INFO] LogOutputStream:77 - [STDOUT_REDIRECT] 1 : Invalid condition id : UX_CORESTACK_Condition cause : null
2024-09-17 16:25:26,610 [INFO] LogOutputStream:77 - [STDOUT_REDIRECT] 1 : Invalid condition id : UX_CORESTACK_Condition cause : null
2024-09-17 16:25:26,628 [WARN] PackLoader:240 - Cannot read IP mode file for STMicroelectronics.X-CUBE-AZRTOS-WL.2.0.0
2024-09-17 16:25:26,752 [WARN] PackLoader:240 - Cannot read IP mode file for STMicroelectronics.FP-SNS-MOTENV1.5.0.0
2024-09-17 16:25:26,796 [WARN] PackLoader:240 - Cannot read IP mode file for wolfSSL.I-CUBE-wolfMQTT.1.19.0
2024-09-17 16:25:26,892 [WARN] PackLoader:240 - Cannot read IP mode file for WES.I-CUBE-Cesium.1.3.0
2024-09-17 16:25:26,914 [WARN] PackLoader:240 - Cannot read IP mode file for STMicroelectronics.X-CUBE-BLE2.3.3.0
2024-09-17 16:25:26,980 [WARN] PackLoader:240 - Cannot read IP mode file for STMicroelectronics.X-CUBE-TCPP.4.1.0
2024-09-17 16:25:27,200 [WARN] PackLoader:240 - Cannot read IP mode file for STMicroelectronics.X-CUBE-AZRTOS-G0.1.1.0
2024-09-17 16:25:27,412 [WARN] PackLoader:240 - Cannot read IP mode file for STMicroelectronics.X-CUBE-SAFEA1.1.2.2
2024-09-17 16:25:27,682 [WARN] PackLoader:240 - Cannot read IP mode file for STMicroelectronics.X-CUBE-NFC4.3.0.0
2024-09-17 16:25:27,699 [WARN] PackLoader:240 - Cannot read IP mode file for wolfSSL.I-CUBE-wolfMQTT.1.18.0
2024-09-17 16:25:27,762 [WARN] PackLoader:240 - Cannot read IP mode file for EmbeddedOffice.I-CUBE-FS-RTOS.1.0.1
2024-09-17 16:25:27,766 [ERROR] ConditionMgr:805 - Attr not supported : Dmpu
2024-09-17 16:25:27,766 [ERROR] ConditionMgr:805 - Attr not supported : Dmpu
2024-09-17 16:25:27,767 [ERROR] ConditionMgr:805 - Attr not supported : Dmpu
2024-09-17 16:25:27,780 [ERROR] ConditionMgr:805 - Attr not supported : Dmpu
2024-09-17 16:25:27,780 [ERROR] ConditionMgr:805 - Attr not supported : Dmpu
2024-09-17 16:25:27,781 [ERROR] ConditionMgr:805 - Attr not supported : Dmpu
2024-09-17 16:25:27,781 [ERROR] ConditionMgr:805 - Attr not supported : Dmpu
2024-09-17 16:25:27,781 [ERROR] ConditionMgr:805 - Attr not supported : Dmpu
2024-09-17 16:25:27,781 [ERROR] ConditionMgr:805 - Attr not supported : Dmpu
2024-09-17 16:25:27,781 [ERROR] ConditionMgr:805 - Attr not supported : Dmpu
2024-09-17 16:25:27,782 [ERROR] ConditionMgr:805 - Attr not supported : Dmpu
2024-09-17 16:25:27,782 [ERROR] ConditionMgr:805 - Attr not supported : Dmpu
2024-09-17 16:25:27,782 [ERROR] ConditionMgr:805 - Attr not supported : Dmpu
2024-09-17 16:25:27,782 [ERROR] ConditionMgr:805 - Attr not supported : Dmpu
2024-09-17 16:25:27,782 [ERROR] ConditionMgr:805 - Attr not supported : Dmpu
2024-09-17 16:25:27,783 [ERROR] ConditionMgr:805 - Attr not supported : Dmpu
2024-09-17 16:25:27,783 [ERROR] ConditionMgr:805 - Attr not supported : Dmpu
2024-09-17 16:25:27,783 [ERROR] ConditionMgr:805 - Attr not supported : Dmpu
2024-09-17 16:25:27,783 [ERROR] ConditionMgr:805 - Attr not supported : Dmpu
2024-09-17 16:25:27,784 [ERROR] ConditionMgr:805 - Attr not supported : Dmpu
2024-09-17 16:25:27,787 [ERROR] ConditionMgr:805 - Attr not supported : Dmpu
2024-09-17 16:25:27,787 [ERROR] ConditionMgr:805 - Attr not supported : Dmpu
2024-09-17 16:25:27,801 [ERROR] ConditionMgr:805 - Attr not supported : Dmpu
2024-09-17 16:25:27,801 [ERROR] ConditionMgr:805 - Attr not supported : Dmpu
2024-09-17 16:25:27,801 [ERROR] ConditionMgr:805 - Attr not supported : Dmpu
2024-09-17 16:25:27,803 [ERROR] ConditionMgr:805 - Attr not supported : Dmpu
2024-09-17 16:25:27,804 [ERROR] ConditionMgr:805 - Attr not supported : Dmpu
2024-09-17 16:25:27,818 [ERROR] ConditionMgr:805 - Attr not supported : Dmpu
2024-09-17 16:25:27,818 [ERROR] ConditionMgr:805 - Attr not supported : Dmpu
2024-09-17 16:25:27,818 [ERROR] ConditionMgr:805 - Attr not supported : Dmpu
2024-09-17 16:25:27,818 [ERROR] ConditionMgr:805 - Attr not supported : Dmpu
2024-09-17 16:25:27,819 [ERROR] ConditionMgr:805 - Attr not supported : Dmpu
2024-09-17 16:25:27,819 [ERROR] ConditionMgr:805 - Attr not supported : Dmpu
2024-09-17 16:25:27,819 [ERROR] ConditionMgr:805 - Attr not supported : Dmpu
2024-09-17 16:25:27,819 [ERROR] ConditionMgr:805 - Attr not supported : Dmpu
2024-09-17 16:25:27,820 [ERROR] ConditionMgr:805 - Attr not supported : Dmpu
2024-09-17 16:25:27,821 [ERROR] ConditionMgr:805 - Attr not supported : Dmpu
2024-09-17 16:25:27,829 [ERROR] ConditionMgr:805 - Attr not supported : Dmpu
2024-09-17 16:25:27,830 [ERROR] ConditionMgr:805 - Attr not supported : Dmpu
2024-09-17 16:25:27,830 [ERROR] ConditionMgr:805 - Attr not supported : Dmpu
2024-09-17 16:25:27,830 [ERROR] ConditionMgr:805 - Attr not supported : Dmpu
2024-09-17 16:25:27,830 [ERROR] ConditionMgr:805 - Attr not supported : Dmpu
2024-09-17 16:25:27,832 [ERROR] ConditionMgr:805 - Attr not supported : Dmpu
2024-09-17 16:25:27,854 [ERROR] ConditionMgr:805 - Attr not supported : Dmpu
2024-09-17 16:25:27,858 [ERROR] ConditionMgr:805 - Attr not supported : Dmpu
2024-09-17 16:25:27,862 [ERROR] ConditionMgr:805 - Attr not supported : Dmpu
2024-09-17 16:25:27,863 [ERROR] ConditionMgr:805 - Attr not supported : Dmpu
2024-09-17 16:25:27,863 [ERROR] ConditionMgr:805 - Attr not supported : Dmpu
2024-09-17 16:25:27,863 [ERROR] ConditionMgr:805 - Attr not supported : Dmpu
2024-09-17 16:25:27,869 [ERROR] ConditionMgr:805 - Attr not supported : Dmpu
2024-09-17 16:25:27,879 [ERROR] ConditionMgr:805 - Attr not supported : Dmpu
2024-09-17 16:25:27,879 [ERROR] ConditionMgr:805 - Attr not supported : Dmpu
2024-09-17 16:25:27,881 [ERROR] ConditionMgr:805 - Attr not supported : Dmpu
2024-09-17 16:25:27,881 [ERROR] ConditionMgr:805 - Attr not supported : Dmpu
2024-09-17 16:25:27,882 [ERROR] ConditionMgr:805 - Attr not supported : Dmpu
2024-09-17 16:25:27,882 [ERROR] ConditionMgr:805 - Attr not supported : Dmpu
2024-09-17 16:25:27,882 [ERROR] ConditionMgr:805 - Attr not supported : Dmpu
2024-09-17 16:25:27,882 [ERROR] ConditionMgr:805 - Attr not supported : Dmpu
2024-09-17 16:25:27,882 [ERROR] ConditionMgr:805 - Attr not supported : Dmpu
2024-09-17 16:25:27,882 [ERROR] ConditionMgr:805 - Attr not supported : Dmpu
2024-09-17 16:25:27,883 [ERROR] ConditionMgr:805 - Attr not supported : Dmpu
2024-09-17 16:25:27,883 [ERROR] ConditionMgr:805 - Attr not supported : Dmpu
2024-09-17 16:25:27,883 [ERROR] ConditionMgr:805 - Attr not supported : Dmpu
2024-09-17 16:25:27,883 [ERROR] ConditionMgr:805 - Attr not supported : Dmpu
2024-09-17 16:25:27,978 [WARN] PackLoader:240 - Cannot read IP mode file for RealThread.X-CUBE-RT-Thread_Nano.4.1.1
2024-09-17 16:25:27,993 [WARN] PackLoader:240 - Cannot read IP mode file for wolfSSL.I-CUBE-wolfSSL.5.7.0
2024-09-17 16:25:28,003 [WARN] PackLoader:240 - Cannot read IP mode file for STMicroelectronics.FP-ATR-SIGFOX1.3.2.0
2024-09-17 16:25:28,036 [WARN] PackLoader:240 - Cannot read IP mode file for STMicroelectronics.X-CUBE-EEPRMA1.5.1.0
2024-09-17 16:25:28,062 [WARN] PackLoader:240 - Cannot read IP mode file for ITTIA_DB.I-CUBE-ITTIADB.8.9.0
2024-09-17 16:25:28,153 [WARN] PackLoader:240 - Cannot read IP mode file for SEGGER.I-CUBE-embOS.1.3.1
2024-09-17 16:25:28,601 [WARN] PackLoader:240 - Cannot read IP mode file for STMicroelectronics.X-CUBE-ALGOBUILD.1.4.0
2024-09-17 16:25:28,620 [WARN] PackLoader:240 - Cannot read IP mode file for STMicroelectronics.X-CUBE-GNSS1.6.0.0
2024-09-17 16:25:28,714 [WARN] PackLoader:240 - Cannot read IP mode file for STMicroelectronics.X-CUBE-AZRTOS-F4.1.1.0
2024-09-17 16:25:28,791 [WARN] PackLoader:240 - Cannot read IP mode file for STMicroelectronics.X-CUBE-ISPU.2.1.0
2024-09-17 16:25:28,810 [WARN] PackLoader:240 - Cannot read IP mode file for STMicroelectronics.X-CUBE-FREERTOS.1.2.0
2024-09-17 16:25:28,903 [WARN] PackLoader:240 - Cannot read IP mode file for STMicroelectronics.X-CUBE-AZRTOS-L5.2.0.0
2024-09-17 16:25:28,946 [WARN] PackLoader:240 - Cannot read IP mode file for STMicroelectronics.X-CUBE-NFC6.3.1.0
2024-09-17 16:25:28,967 [WARN] PackLoader:240 - Cannot read IP mode file for STMicroelectronics.X-CUBE-DPower.1.2.0
2024-09-17 16:25:29,061 [WARN] PackLoader:240 - Cannot read IP mode file for STMicroelectronics.X-CUBE-AI.9.0.0
2024-09-17 16:25:29,082 [WARN] PackLoader:240 - Cannot read IP mode file for STMicroelectronics.X-CUBE-NFC7.1.0.1
2024-09-17 16:25:29,115 [WARN] PackLoader:240 - Cannot read IP mode file for wolfSSL.I-CUBE-wolfTPM.3.2.0
2024-09-17 16:25:29,208 [INFO] WebApp:779 - Register for checkConnection events
2024-09-17 16:25:29,209 [INFO] WebApp:414 - Apply proxy settings
2024-09-17 16:25:29,209 [INFO] WebApp:499 - Chromium requires no authentication
2024-09-17 16:25:29,228 [WARN] ConditionMgr:438 - getConditionDescription Invalid condition id : LAN8742 Phy interface Condition cause : null
2024-09-17 16:25:29,230 [WARN] PackLoader:240 - Cannot read IP mode file for STMicroelectronics.X-CUBE-AZRTOS-L4.2.0.0
2024-09-17 16:25:29,234 [WARN] ConditionMgr:1039 - genDependencies : Invalid condition id : LAN8742 Phy interface Condition cause : null
2024-09-17 16:25:29,235 [WARN] ConditionMgr:1039 - genDependencies : Invalid condition id : LAN8742 Phy interface Condition cause : null
2024-09-17 16:25:29,246 [WARN] ConditionMgr:1039 - genDependencies : Invalid condition id : LAN8742 Phy interface Condition cause : null
2024-09-17 16:25:29,250 [INFO] WebApp:442 - Direct internet connection detected
2024-09-17 16:25:29,281 [WARN] PackLoader:240 - Cannot read IP mode file for STMicroelectronics.X-CUBE-SFXS2LP1.4.0.0
2024-09-17 16:25:29,386 [WARN] PackLoader:240 - Cannot read IP mode file for STMicroelectronics.X-CUBE-AZRTOS-H7.3.3.0
2024-09-17 16:25:29,469 [WARN] ConditionMgr:438 - getConditionDescription Invalid condition id : UX DEVICE CLASS RTOS Condition cause : null
2024-09-17 16:25:29,469 [WARN] ConditionMgr:438 - getConditionDescription Invalid condition id : UX DEVICE CLASS RTOS Condition cause : null
2024-09-17 16:25:29,496 [WARN] PackLoader:240 - Cannot read IP mode file for STMicroelectronics.X-CUBE-AZRTOS-WB.2.0.0
2024-09-17 16:25:29,511 [WARN] ConditionMgr:1039 - genDependencies : Invalid condition id : UX DEVICE CLASS RTOS Condition cause : null
2024-09-17 16:25:29,512 [WARN] ConditionMgr:1039 - genDependencies : Invalid condition id : UX DEVICE CLASS RTOS Condition cause : null
2024-09-17 16:25:29,514 [WARN] ConditionMgr:1039 - genDependencies : Invalid condition id : UX DEVICE CLASS RTOS Condition cause : null
2024-09-17 16:25:29,514 [WARN] ConditionMgr:1039 - genDependencies : Invalid condition id : UX DEVICE CLASS RTOS Condition cause : null
2024-09-17 16:25:29,514 [WARN] ConditionMgr:1039 - genDependencies : Invalid condition id : UX DEVICE CLASS RTOS Condition cause : null
2024-09-17 16:25:29,530 [WARN] PackLoader:240 - Cannot read IP mode file for STMicroelectronics.X-CUBE-GNSS1.7.0.0
2024-09-17 16:25:29,570 [WARN] PackLoader:240 - Cannot read IP mode file for STMicroelectronics.FP-SNS-STBOX1.2.0.0
2024-09-17 16:25:29,629 [WARN] PackLoader:240 - Cannot read IP mode file for STMicroelectronics.X-CUBE-SUBG2.5.0.0
2024-09-17 16:25:29,676 [WARN] PackLoader:240 - Cannot read IP mode file for Cesanta.I-CUBE-Mongoose.7.13.0
2024-09-17 16:25:29,733 [WARN] PackLoader:240 - Cannot read IP mode file for STMicroelectronics.X-CUBE-AZRTOS-G4.2.0.0
2024-09-17 16:25:29,768 [WARN] PackLoader:240 - Cannot read IP mode file for STMicroelectronics.X-CUBE-ISPU.2.0.0
2024-09-17 16:25:29,779 [WARN] PackLoader:240 - Cannot read IP mode file for STMicroelectronics.X-CUBE-ALS.1.0.2
2024-09-17 16:25:30,301 [WARN] PackLoader:240 - Cannot read IP mode file for STMicroelectronics.X-CUBE-MEMS1.10.0.0
2024-09-17 16:25:30,873 [INFO] WebApp:192 - Starting web application
2024-09-17 16:25:30,873 [INFO] WebApp:544 - Web application path used C:\ST\STM32CubeIDE_1.15.1\STM32CubeIDE\plugins\com.st.stm32cube.common.mx_6.11.1.202404110753\db\plugins\mcufinder\reactClient1\index.html
2024-09-17 16:25:31,866 [WARN] PackLoader:240 - Cannot read IP mode file for STMicroelectronics.X-CUBE-TOUCHGFX.4.24.0
2024-09-17 16:25:31,880 [WARN] PackLoader:240 - Cannot read IP mode file for portGmbH.I-Cube-SoM-uGOAL.1.1.0
2024-09-17 16:25:31,891 [WARN] PackLoader:240 - Cannot read IP mode file for STMicroelectronics.X-CUBE-ALS.1.0.1
2024-09-17 16:25:31,990 [WARN] PackLoader:240 - Cannot read IP mode file for STMicroelectronics.X-CUBE-AZRTOS-H7RS.1.0.0
2024-09-17 16:25:32,028 [WARN] PackLoader:240 - Cannot read IP mode file for STMicroelectronics.FP-ATR-ASTRA1.2.0.0
2024-09-17 16:25:32,098 [WARN] PackLoader:240 - Cannot read IP mode file for STMicroelectronics.X-CUBE-TOF1.3.4.2
2024-09-17 16:25:32,347 [WARN] PackLoader:240 - Cannot read IP mode file for STMicroelectronics.X-CUBE-TOF1.3.4.1
2024-09-17 16:25:32,461 [WARN] PackLoader:240 - Cannot read IP mode file for STMicroelectronics.X-CUBE-AZRTOS-H7.3.2.0
2024-09-17 16:25:32,544 [WARN] PackLoader:240 - Cannot read IP mode file for Infineon.AIROC-Wi-Fi-Bluetooth-STM32.1.6.0
2024-09-17 16:25:32,576 [WARN] PackLoader:240 - Cannot read IP mode file for wolfSSL.I-CUBE-wolfSSH.1.4.17
2024-09-17 16:25:32,578 [INFO] ThirdParty:978 - Integrity check success = true
2024-09-17 16:25:32,578 [INFO] IntegrityCheckThread:100 - exiting critical section [integrity check]
2024-09-17 16:25:32,578 [INFO] IntegrityCheckThread:103 - End integrity checks thread
2024-09-17 16:31:04,413 [INFO] McuFinderGlobals:63 - Set McuFinder mode to 2 (CubeIDE integrated)
2024-09-17 16:31:07,249 [INFO] MainUpdater:2873 - connection check result : 10
2024-09-17 16:31:07,253 [INFO] MainUpdater:2873 - connection check result : 10
2024-09-17 16:31:07,383 [INFO] MicroXplorer:468 - Change Database Path : 
2024-09-17 16:31:07,383 [INFO] MicroXplorer:498 - Change Database Version : DB.6.0.111
2024-09-17 16:31:07,410 [WARN] ThirdParty:871 - waiting for thirdparty lock release [close project]
2024-09-17 16:31:07,410 [INFO] ThirdParty:873 - entering critical section [close project]
2024-09-17 16:31:07,412 [INFO] ThirdParty:883 - exiting critical section [close project]
2024-09-17 16:31:07,417 [INFO] PinOutPanel:1561 - setPackage(No Configuration,No Configuration)
2024-09-17 16:31:07,428 [INFO] UtilMem:75 - Begin LoadConfig() Used Memory: 835673216 Bytes (1073741824)
2024-09-17 16:31:07,430 [INFO] MicroXplorer:468 - Change Database Path : 
2024-09-17 16:31:07,430 [INFO] MicroXplorer:498 - Change Database Version : DB.6.0.111
2024-09-17 16:31:07,430 [INFO] OpenFileManager:312 - Change cursor
2024-09-17 16:31:08,230 [INFO] Mcu:2021 - Initializing MCU STM32F446R(C-E)Tx STM32F446RETx STM32F446RET6
2024-09-17 16:31:14,240 [INFO] Context:663 - Trying to add GPIOservice into a context  which must be forbidden
2024-09-17 16:31:16,193 [INFO] RtosManager:555 - Registered RTOS mode: class=CMSIS, group=RTOS, mode=CMSIS_V1, owner=FREERTOS
2024-09-17 16:31:16,193 [INFO] RtosManager:555 - Registered RTOS mode: class=CMSIS, group=RTOS2, mode=CMSIS_V2, owner=FREERTOS
2024-09-17 16:31:16,193 [INFO] RtosManager:555 - Registered RTOS mode: class=RTOS, group=Core, mode=CMSIS_V1, owner=FREERTOS
2024-09-17 16:31:16,194 [INFO] RtosManager:555 - Registered RTOS mode: class=RTOS, group=Core, mode=CMSIS_V2, owner=FREERTOS
2024-09-17 16:31:16,194 [WARN] ModelIntegratedComponent:184 - Missing modes for component STMicroelectronics:FreeRTOS:0.0.1:STMicroelectronics:RTOS:FreeRTOS:Core:::10.2.0:
2024-09-17 16:31:16,228 [WARN] ModelIntegratedComponent:63 - No mode defined for component null
2024-09-17 16:31:16,228 [WARN] ModelIntegratedComponent:63 - No mode defined for component null
2024-09-17 16:31:16,229 [WARN] ModelIntegratedComponent:63 - No mode defined for component null
2024-09-17 16:31:16,229 [WARN] ModelIntegratedComponent:63 - No mode defined for component null
2024-09-17 16:31:16,229 [WARN] ModelIntegratedComponent:63 - No mode defined for component null
2024-09-17 16:31:16,229 [WARN] ModelIntegratedComponent:63 - No mode defined for component null
2024-09-17 16:31:16,229 [WARN] ModelIntegratedComponent:63 - No mode defined for component null
2024-09-17 16:31:16,229 [WARN] ModelIntegratedComponent:63 - No mode defined for component null
2024-09-17 16:31:16,230 [WARN] ModelIntegratedComponent:63 - No mode defined for component null
2024-09-17 16:31:16,230 [WARN] ModelIntegratedComponent:63 - No mode defined for component null
2024-09-17 16:31:16,230 [WARN] ModelIntegratedComponent:63 - No mode defined for component null
2024-09-17 16:31:16,230 [WARN] ModelIntegratedComponent:63 - No mode defined for component null
2024-09-17 16:31:16,231 [WARN] ModelIntegratedComponent:63 - No mode defined for component null
2024-09-17 16:31:16,231 [WARN] ModelIntegratedComponent:63 - No mode defined for component null
2024-09-17 16:31:16,231 [WARN] ModelIntegratedComponent:63 - No mode defined for component null
2024-09-17 16:31:16,231 [WARN] ModelIntegratedComponent:63 - No mode defined for component null
2024-09-17 16:31:16,231 [WARN] ModelIntegratedComponent:63 - No mode defined for component null
2024-09-17 16:31:16,231 [WARN] ModelIntegratedComponent:63 - No mode defined for component null
2024-09-17 16:31:16,232 [WARN] ModelIntegratedComponent:63 - No mode defined for component null
2024-09-17 16:31:16,232 [WARN] ModelIntegratedComponent:63 - No mode defined for component null
2024-09-17 16:31:16,232 [WARN] ModelIntegratedComponent:63 - No mode defined for component null
2024-09-17 16:31:16,234 [WARN] ModelIntegratedComponent:63 - No mode defined for component null
2024-09-17 16:31:16,242 [WARN] ModelIntegratedComponent:63 - No mode defined for component null
2024-09-17 16:31:16,256 [WARN] ModelIntegratedComponent:63 - No mode defined for component null
2024-09-17 16:31:16,257 [WARN] ModelIntegratedComponent:63 - No mode defined for component null
2024-09-17 16:31:16,257 [WARN] ModelIntegratedComponent:63 - No mode defined for component null
2024-09-17 16:31:16,257 [WARN] ModelIntegratedComponent:63 - No mode defined for component null
2024-09-17 16:31:16,258 [WARN] ModelIntegratedComponent:63 - No mode defined for component null
2024-09-17 16:31:16,258 [WARN] ModelIntegratedComponent:63 - No mode defined for component null
2024-09-17 16:31:16,258 [WARN] ModelIntegratedComponent:63 - No mode defined for component null
2024-09-17 16:31:16,258 [WARN] ModelIntegratedComponent:63 - No mode defined for component null
2024-09-17 16:31:16,258 [WARN] ModelIntegratedComponent:63 - No mode defined for component null
2024-09-17 16:31:16,258 [WARN] ModelIntegratedComponent:63 - No mode defined for component null
2024-09-17 16:31:16,258 [WARN] ModelIntegratedComponent:63 - No mode defined for component null
2024-09-17 16:31:16,585 [INFO] ThirdPartyModel:298 - Start build external matchings
2024-09-17 16:31:18,374 [INFO] ThirdPartyModel:316 - End build external matchings
2024-09-17 16:31:20,548 [INFO] ApiDb:581 - Connected to CubeFinder SQLite database (C:\Users\tommy\.stmcufinder\plugins\mcufinder\mcu\cube-finder-db.db)
2024-09-17 16:31:20,873 [INFO] ApiDb:668 - CubeFinder database Data Model version=2.1
2024-09-17 16:31:20,873 [INFO] ApiDb:669 - CubeFinder database Configuration version=3.0.39
2024-09-17 16:31:20,874 [INFO] ApiDb:670 - CubeFinder database generation date=2024-08-06 (1722941618)
2024-09-17 16:31:20,874 [INFO] ApiDb:671 - CubeFinder database FW Pack versions=[FP-ATR-ASTRA1_V2.0.0, FP-SNS-FLIGHT1_V5.0.2, FP-SNS-MOTENV1_V5.0.0, FP-SNS-MOTENVWB1_V1.4.0, FP-SNS-SMARTAG2_V1.2.0, FP-SNS-STBOX1_V2.0.0, STM32Cube_FW_C0_V1.2.0, STM32Cube_FW_F4_V1.28.0, STM32Cube_FW_F7_V1.17.2, STM32Cube_FW_G0_V1.6.2, STM32Cube_FW_G4_V1.6.0, STM32Cube_FW_H5_V1.3.0, STM32Cube_FW_H7RS_V1.1.0, STM32Cube_FW_H7_V1.11.2, STM32Cube_FW_L0_V1.12.2, STM32Cube_FW_L5_V1.5.1, STM32Cube_FW_U0_V1.1.0, STM32Cube_FW_U5_V1.6.0, STM32Cube_FW_WB0_V1.0.0, STM32Cube_FW_WBA_V1.4.1, STM32Cube_FW_WB_V1.20.0, STM32Cube_FW_WL_V1.3.0, X-CUBE-ALGOBUILD_V1.4.0, X-CUBE-ALS_V1.0.2, X-CUBE-AZRTOS-F4_V1.1.0, X-CUBE-AZRTOS-F7_V1.1.0, X-CUBE-AZRTOS-G0_V1.1.0, X-CUBE-AZRTOS-G4_V2.0.0, X-CUBE-AZRTOS-H7RS_V1.0.0, X-CUBE-AZRTOS-H7_V3.2.0, X-CUBE-AZRTOS-L4_V2.0.0, X-CUBE-AZRTOS-L5_V1.1.0, X-CUBE-AZRTOS-WB_V2.0.0, X-CUBE-AZRTOS-WL_V2.0.0, X-CUBE-BLE1_V7.0.0, X-CUBE-BLE2_V3.3.0, X-CUBE-BLEMGR_V3.1.0, X-CUBE-EEPRMA1_V5.1.0, X-CUBE-FREERTOS_V1.2.0, X-CUBE-GNSS1_V6.0.0, X-CUBE-MEMS1_V10.0.0, X-CUBE-NFC4_V3.0.0, X-CUBE-NFC7_V1.0.1, X-CUBE-SFXS2LP1_V4.0.0, X-CUBE-SUBG2_V5.0.0, X-CUBE-TOF1_V3.4.2]
2024-09-17 16:31:21,192 [INFO] DbBoardsSqlite:226 - include board P-NUCLEO-WB55-NUCLEO as a kit item of type 'Nucleo-64'
2024-09-17 16:31:21,192 [INFO] DbBoardsSqlite:226 - include board P-NUCLEO-WB55-USBDONGLE as a kit item of type 'Nucleo USB Dongle'
2024-09-17 16:31:21,195 [INFO] DbBoardsSqlite:226 - include board STEVAL-IDP005V1 as a kit item of type 'Evaluation Board'
2024-09-17 16:31:21,196 [INFO] DbBoardsSqlite:226 - include board STEVAL-IDP005V2 as a kit item of type 'Evaluation Board'
2024-09-17 16:31:22,812 [INFO] ApiDb:240 - Found 483 in-development CPN: [B-G473E-ZEST1S, B-WB1M-WPAN1, B-WL5M-SUBG1, NUCLEO-C031C6, NUCLEO-H503RB, NUCLEO-H533RE, NUCLEO-H563ZI, NUCLEO-H7S3L8, NUCLEO-U031R8, NUCLEO-U083RC, NUCLEO-U545RE-Q, NUCLEO-U5A5ZJ-Q, NUCLEO-WBA52CG, NUCLEO-WBA55CG, STEVAL-PROTEUS1, STEVAL-SMARTAG2, STEVAL-STWINBX1, STM320518-EVAL, STM32C0116-DK, STM32C011D6Y3TR, STM32C011D6Y6TR, STM32C011F4P3, STM32C011F4P6, STM32C011F4U3, STM32C011F4U6TR, STM32C011F6P3, STM32C011F6P6, STM32C011F6U3, STM32C011F6U6TR, STM32C011J4M3, STM32C011J4M6, STM32C011J6M3, STM32C011J6M6, STM32C0316-DK, STM32C031C4T3, STM32C031C4T6, STM32C031C4U3, STM32C031C4U6, STM32C031C6T3, STM32C031C6T6, STM32C031C6U3, STM32C031C6U6, STM32C031F4P3, STM32C031F4P6, STM32C031F6P3, STM32C031F6P6, STM32C031G4U3, STM32C031G4U6, STM32C031G6U3, STM32C031G6U6, STM32C031K4T3, STM32C031K4T6, STM32C031K4U3, STM32C031K4U6, STM32C031K6T3, STM32C031K6T6, STM32C031K6U3, STM32C031K6U6, STM32G071K8TXN, STM32G071K8UXN, STM32G081GBU6N, STM32G081KBT6N, STM32G081KBUXN, STM32G0B1CCT6N, STM32G0B1KCT6, STM32G0B1NEY6TR, STM32G0B1RCT6N, STM32G0C1CCT6, STM32G0C1CCT6N, STM32G0C1CCU6N, STM32G0C1CET6N, STM32G0C1CEU6N, STM32G0C1KCT6, STM32G0C1NEY6TR, STM32G0C1RCI6N, STM32G0C1RCT6N, STM32G0C1REI6N, STM32G0C1RET6N, STM32G0C1VCI6, STM32G0C1VEI6, STM32G471CCT6, STM32G471CCU6, STM32G471CET3, STM32G471CET6, STM32G471CEU3, STM32G471CEU6, STM32G471MCT6, STM32G471MET3, STM32G471MET6, STM32G471MEY6TR, STM32G471QCT6, STM32G471QET3, STM32G471RCT6, STM32G471RET3, STM32G471RET6, STM32G471VCH6, STM32G471VCI6, STM32G471VCT6, STM32G471VEH3, STM32G471VEH6, STM32G471VEI3, STM32G471VEI6, STM32G471VET3, STM32G471VET6, STM32G474CCT6, STM32H503CBT6, STM32H503CBU6, STM32H503EBY6TR, STM32H503KBU6, STM32H503RBT6, STM32H523CCT6, STM32H523CCU6, STM32H523CET6, STM32H523CEU6, STM32H523HEY6TR, STM32H523RCT6, STM32H523RET6, STM32H523VCI6, STM32H523VCT6, STM32H523VEI6, STM32H523VET6, STM32H523ZCJ6, STM32H523ZCT6, STM32H523ZEJ6, STM32H523ZET6, STM32H533CET6, STM32H533CEU6, STM32H533HEY6TR, STM32H533RET6, STM32H533VEI6, STM32H533VET6, STM32H533ZEJ6, STM32H533ZET6, STM32H562AGI6, STM32H562AII6, STM32H562IGK6, STM32H562IGT6, STM32H562IIK6, STM32H562IIT6, STM32H562RGT6, STM32H562RGV6, STM32H562RIT6, STM32H562RIV6, STM32H562VGT6, STM32H562VIT6, STM32H562ZGT6, STM32H562ZIT6, STM32H563AGI6, STM32H563AII3Q, STM32H563AII6, STM32H563IGK6, STM32H563IGT6, STM32H563IIK3Q, STM32H563IIK6, STM32H563IIT3Q, STM32H563IIT6, STM32H563MIY3QTR, STM32H563RGT6, STM32H563RGV6, STM32H563RIT6, STM32H563RIV6, STM32H563VGT6, STM32H563VIT3Q, STM32H563VIT6, STM32H563ZGT6, STM32H563ZIT3Q, STM32H563ZIT6, STM32H573AII3Q, STM32H573AII6, STM32H573I-DK, STM32H573IIK3Q, STM32H573IIK6, STM32H573IIT3Q, STM32H573IIT6, STM32H573MIY3QTR, STM32H573RIT6, STM32H573RIV6, STM32H573VIT3Q, STM32H573VIT6, STM32H573ZIT3Q, STM32H573ZIT6, STM32H7R3A8I6, STM32H7R3I8K6, STM32H7R3I8T6, STM32H7R3L8H6, STM32H7R3L8H6H, STM32H7R3R8V6, STM32H7R3V8H6, STM32H7R3V8T6, STM32H7R3V8Y6, STM32H7R3Z8J6, STM32H7R3Z8T6, STM32H7R7A8I6, STM32H7R7I8K6, STM32H7R7I8T6, STM32H7R7L8H6, STM32H7R7L8H6H, STM32H7R7Z8J6, STM32H7S3A8I6, STM32H7S3I8K6, STM32H7S3I8T6, STM32H7S3L8H6, STM32H7S3L8H6H, STM32H7S3R8V6, STM32H7S3V8H6, STM32H7S3V8T6, STM32H7S3V8Y6, STM32H7S3Z8J6, STM32H7S3Z8T6, STM32H7S78-DK, STM32H7S7A8I6, STM32H7S7I8K6, STM32H7S7I8T6, STM32H7S7L8H6, STM32H7S7L8H6H, STM32H7S7Z8J6, STM32L4R5QGI6STR, STM32MP131AAE3, STM32MP131AAF3, STM32MP131AAG3, STM32MP131CAE3, STM32MP131CAF3, STM32MP131CAG3, STM32MP131DAE7, STM32MP131DAF7, STM32MP131DAG7, STM32MP131FAE7, STM32MP131FAF7, STM32MP131FAG7, STM32MP133AAE3, STM32MP133AAF3, STM32MP133AAG3, STM32MP133CAE3, STM32MP133CAF3, STM32MP133CAG3, STM32MP133DAE7, STM32MP133DAF7, STM32MP133DAG7, STM32MP133FAE7, STM32MP133FAF7, STM32MP133FAG7, STM32MP135AAE3, STM32MP135AAF3, STM32MP135AAG3, STM32MP135CAE3, STM32MP135CAF3, STM32MP135CAG3, STM32MP135DAE7, STM32MP135DAF7, STM32MP135DAG7, STM32MP135F-DK, STM32MP135FAE7, STM32MP135FAF7, STM32MP135FAF7T, STM32MP135FAF7U, STM32MP135FAG7, STM32U031C6T6, STM32U031C6U6, STM32U031C8T6, STM32U031C8U6, STM32U031F4P6, STM32U031F6P6, STM32U031F8P6, STM32U031G6Y6TR, STM32U031G8Y6TR, STM32U031K4U6, STM32U031K6U6, STM32U031K8U6, STM32U031R6I6, STM32U031R6T6, STM32U031R8I6, STM32U031R8T6, STM32U073C8T6, STM32U073C8U6, STM32U073CBT6, STM32U073CBU6, STM32U073CCT6, STM32U073CCU6, STM32U073H8Y6TR, STM32U073HBY6TR, STM32U073HCY6TR, STM32U073K8U6, STM32U073KBU6, STM32U073KCU6, STM32U073M8I6, STM32U073M8T6, STM32U073MBI6, STM32U073MBT6, STM32U073MCI6, STM32U073MCT6, STM32U073R8I6, STM32U073R8T6, STM32U073RBI6, STM32U073RBT6, STM32U073RCI6, STM32U073RCT6, STM32U083C-DK, STM32U083CCT6, STM32U083CCU6, STM32U083HCY6TR, STM32U083KCU6, STM32U083MCI6, STM32U083MCT6, STM32U083RCI6, STM32U083RCT6, STM32U535CBT6, STM32U535CBT6Q, STM32U535CBU6, STM32U535CBU6Q, STM32U535CCT6, STM32U535CCT6Q, STM32U535CCU6, STM32U535CCU6Q, STM32U535CET6, STM32U535CET6Q, STM32U535CEU6, STM32U535CEU6Q, STM32U535JEY6QTR, STM32U535NCY6QTR, STM32U535NEY6QTR, STM32U535RBI6, STM32U535RBI6Q, STM32U535RBT6, STM32U535RBT6Q, STM32U535RCI6, STM32U535RCI6Q, STM32U535RCT6, STM32U535RCT6Q, STM32U535REI6, STM32U535REI6Q, STM32U535RET6, STM32U535RET6Q, STM32U535VCI6, STM32U535VCI6Q, STM32U535VCT6, STM32U535VCT6Q, STM32U535VEI6, STM32U535VEI6Q, STM32U535VET6, STM32U535VET6Q, STM32U545CET6, STM32U545CET6Q, STM32U545CEU6, STM32U545CEU6Q, STM32U545JEY6QTR, STM32U545NEY6QTR, STM32U545REI6, STM32U545REI6Q, STM32U545RET6, STM32U545RET6Q, STM32U545VEI6, STM32U545VEI6Q, STM32U545VET6, STM32U545VET6Q, STM32U595AIH6, STM32U595AIH6Q, STM32U595AJH6, STM32U595AJH6Q, STM32U595QII6, STM32U595QII6Q, STM32U595QJI6, STM32U595QJI6Q, STM32U595RIT6, STM32U595RIT6Q, STM32U595RJT6, STM32U595RJT6Q, STM32U595VIT6, STM32U595VIT6Q, STM32U595VJT6, STM32U595VJT6Q, STM32U595ZIT6, STM32U595ZIT6Q, STM32U595ZIY6QTR, STM32U595ZJT6, STM32U595ZJT6Q, STM32U595ZJY6QTR, STM32U599BJY6QTR, STM32U599NIH6Q, STM32U599NJH6Q, STM32U599VIT6Q, STM32U599VJT6, STM32U599VJT6Q, STM32U599ZIT6Q, STM32U599ZIY6QTR, STM32U599ZJT6Q, STM32U599ZJY6QTR, STM32U5A5AJH6, STM32U5A5AJH6Q, STM32U5A5QII3Q , STM32U5A5QJI6, STM32U5A5QJI6Q, STM32U5A5RJT6, STM32U5A5RJT6Q, STM32U5A5VJT6, STM32U5A5VJT6Q, STM32U5A5ZJT6, STM32U5A5ZJT6Q, STM32U5A5ZJY6QTR, STM32U5A9BJY6QTR, STM32U5A9J-DK, STM32U5A9NJH6Q, STM32U5A9VJT6Q, STM32U5A9ZJT6Q, STM32U5A9ZJY6QTR, STM32U5F7VIT6, STM32U5F7VIT6Q, STM32U5F7VJT6, STM32U5F7VJT6Q, STM32U5F9BJY6QTR, STM32U5F9NJH6Q, STM32U5F9VIT6Q, STM32U5F9VJT6Q, STM32U5F9ZIJ6QTR, STM32U5F9ZIT6Q, STM32U5F9ZJJ6QTR, STM32U5F9ZJT6Q, STM32U5G7VJT6, STM32U5G7VJT6Q, STM32U5G9BJY6QTR, STM32U5G9J-DK1, STM32U5G9J-DK2, STM32U5G9NJH6Q, STM32U5G9VJT6Q, STM32U5G9ZJJ6QTR, STM32U5G9ZJT6Q, STM32WB1MMCH6, STM32WBA50KEU6, STM32WBA50KEU6TR, STM32WBA50KGU6, STM32WBA50KGU6TR, STM32WBA52CEU6, STM32WBA52CEU6TR, STM32WBA52CEU7, STM32WBA52CEU7TR, STM32WBA52CGU6, STM32WBA52CGU6TR, STM32WBA52CGU6U, STM32WBA52CGU7, STM32WBA52CGU7TR, STM32WBA52KEU6, STM32WBA52KEU6TR, STM32WBA52KGU6, STM32WBA52KGU6TR, STM32WBA54CEU6, STM32WBA54CEU6TR, STM32WBA54CEU7, STM32WBA54CEU7TR, STM32WBA54CGU6, STM32WBA54CGU6TR, STM32WBA54CGU7, STM32WBA54CGU7TR, STM32WBA54KEU6, STM32WBA54KEU6TR, STM32WBA54KEU7, STM32WBA54KEU7TR, STM32WBA54KGU6, STM32WBA54KGU6TR, STM32WBA54KGU7, STM32WBA54KGU7TR, STM32WBA55CEU6, STM32WBA55CEU6TR, STM32WBA55CEU7, STM32WBA55CEU7TR, STM32WBA55CGU6, STM32WBA55CGU6TR, STM32WBA55CGU6U, STM32WBA55CGU7, STM32WBA55CGU7TR, STM32WBA55G-DK1, STM32WBA55HEF6, STM32WBA55HEF7, STM32WBA55HGF6, STM32WBA55HGF7, STM32WBA55UEI6, STM32WBA55UEI6TR, STM32WBA55UEI7, STM32WBA55UEI7TR, STM32WBA55UGI6, STM32WBA55UGI6TR, STM32WBA55UGI7, STM32WBA55UGI7TR, STM32WL5MOCH6, STM32WL5MOCH6TR]
2024-09-17 16:31:22,830 [INFO] ApiDb:668 - CubeFinder database Data Model version=2.1
2024-09-17 16:31:22,831 [INFO] ApiDb:669 - CubeFinder database Configuration version=3.0.39
2024-09-17 16:31:22,831 [INFO] ApiDb:670 - CubeFinder database generation date=2024-08-06 (1722941618)
2024-09-17 16:31:22,831 [INFO] ApiDb:671 - CubeFinder database FW Pack versions=[FP-ATR-ASTRA1_V2.0.0, FP-SNS-FLIGHT1_V5.0.2, FP-SNS-MOTENV1_V5.0.0, FP-SNS-MOTENVWB1_V1.4.0, FP-SNS-SMARTAG2_V1.2.0, FP-SNS-STBOX1_V2.0.0, STM32Cube_FW_C0_V1.2.0, STM32Cube_FW_F4_V1.28.0, STM32Cube_FW_F7_V1.17.2, STM32Cube_FW_G0_V1.6.2, STM32Cube_FW_G4_V1.6.0, STM32Cube_FW_H5_V1.3.0, STM32Cube_FW_H7RS_V1.1.0, STM32Cube_FW_H7_V1.11.2, STM32Cube_FW_L0_V1.12.2, STM32Cube_FW_L5_V1.5.1, STM32Cube_FW_U0_V1.1.0, STM32Cube_FW_U5_V1.6.0, STM32Cube_FW_WB0_V1.0.0, STM32Cube_FW_WBA_V1.4.1, STM32Cube_FW_WB_V1.20.0, STM32Cube_FW_WL_V1.3.0, X-CUBE-ALGOBUILD_V1.4.0, X-CUBE-ALS_V1.0.2, X-CUBE-AZRTOS-F4_V1.1.0, X-CUBE-AZRTOS-F7_V1.1.0, X-CUBE-AZRTOS-G0_V1.1.0, X-CUBE-AZRTOS-G4_V2.0.0, X-CUBE-AZRTOS-H7RS_V1.0.0, X-CUBE-AZRTOS-H7_V3.2.0, X-CUBE-AZRTOS-L4_V2.0.0, X-CUBE-AZRTOS-L5_V1.1.0, X-CUBE-AZRTOS-WB_V2.0.0, X-CUBE-AZRTOS-WL_V2.0.0, X-CUBE-BLE1_V7.0.0, X-CUBE-BLE2_V3.3.0, X-CUBE-BLEMGR_V3.1.0, X-CUBE-EEPRMA1_V5.1.0, X-CUBE-FREERTOS_V1.2.0, X-CUBE-GNSS1_V6.0.0, X-CUBE-MEMS1_V10.0.0, X-CUBE-NFC4_V3.0.0, X-CUBE-NFC7_V1.0.1, X-CUBE-SFXS2LP1_V4.0.0, X-CUBE-SUBG2_V5.0.0, X-CUBE-TOF1_V3.4.2]
2024-09-17 16:31:29,418 [INFO] ApiDb:240 - Found 483 in-development CPN: [B-G473E-ZEST1S, B-WB1M-WPAN1, B-WL5M-SUBG1, NUCLEO-C031C6, NUCLEO-H503RB, NUCLEO-H533RE, NUCLEO-H563ZI, NUCLEO-H7S3L8, NUCLEO-U031R8, NUCLEO-U083RC, NUCLEO-U545RE-Q, NUCLEO-U5A5ZJ-Q, NUCLEO-WBA52CG, NUCLEO-WBA55CG, STEVAL-PROTEUS1, STEVAL-SMARTAG2, STEVAL-STWINBX1, STM320518-EVAL, STM32C0116-DK, STM32C011D6Y3TR, STM32C011D6Y6TR, STM32C011F4P3, STM32C011F4P6, STM32C011F4U3, STM32C011F4U6TR, STM32C011F6P3, STM32C011F6P6, STM32C011F6U3, STM32C011F6U6TR, STM32C011J4M3, STM32C011J4M6, STM32C011J6M3, STM32C011J6M6, STM32C0316-DK, STM32C031C4T3, STM32C031C4T6, STM32C031C4U3, STM32C031C4U6, STM32C031C6T3, STM32C031C6T6, STM32C031C6U3, STM32C031C6U6, STM32C031F4P3, STM32C031F4P6, STM32C031F6P3, STM32C031F6P6, STM32C031G4U3, STM32C031G4U6, STM32C031G6U3, STM32C031G6U6, STM32C031K4T3, STM32C031K4T6, STM32C031K4U3, STM32C031K4U6, STM32C031K6T3, STM32C031K6T6, STM32C031K6U3, STM32C031K6U6, STM32G071K8TXN, STM32G071K8UXN, STM32G081GBU6N, STM32G081KBT6N, STM32G081KBUXN, STM32G0B1CCT6N, STM32G0B1KCT6, STM32G0B1NEY6TR, STM32G0B1RCT6N, STM32G0C1CCT6, STM32G0C1CCT6N, STM32G0C1CCU6N, STM32G0C1CET6N, STM32G0C1CEU6N, STM32G0C1KCT6, STM32G0C1NEY6TR, STM32G0C1RCI6N, STM32G0C1RCT6N, STM32G0C1REI6N, STM32G0C1RET6N, STM32G0C1VCI6, STM32G0C1VEI6, STM32G471CCT6, STM32G471CCU6, STM32G471CET3, STM32G471CET6, STM32G471CEU3, STM32G471CEU6, STM32G471MCT6, STM32G471MET3, STM32G471MET6, STM32G471MEY6TR, STM32G471QCT6, STM32G471QET3, STM32G471RCT6, STM32G471RET3, STM32G471RET6, STM32G471VCH6, STM32G471VCI6, STM32G471VCT6, STM32G471VEH3, STM32G471VEH6, STM32G471VEI3, STM32G471VEI6, STM32G471VET3, STM32G471VET6, STM32G474CCT6, STM32H503CBT6, STM32H503CBU6, STM32H503EBY6TR, STM32H503KBU6, STM32H503RBT6, STM32H523CCT6, STM32H523CCU6, STM32H523CET6, STM32H523CEU6, STM32H523HEY6TR, STM32H523RCT6, STM32H523RET6, STM32H523VCI6, STM32H523VCT6, STM32H523VEI6, STM32H523VET6, STM32H523ZCJ6, STM32H523ZCT6, STM32H523ZEJ6, STM32H523ZET6, STM32H533CET6, STM32H533CEU6, STM32H533HEY6TR, STM32H533RET6, STM32H533VEI6, STM32H533VET6, STM32H533ZEJ6, STM32H533ZET6, STM32H562AGI6, STM32H562AII6, STM32H562IGK6, STM32H562IGT6, STM32H562IIK6, STM32H562IIT6, STM32H562RGT6, STM32H562RGV6, STM32H562RIT6, STM32H562RIV6, STM32H562VGT6, STM32H562VIT6, STM32H562ZGT6, STM32H562ZIT6, STM32H563AGI6, STM32H563AII3Q, STM32H563AII6, STM32H563IGK6, STM32H563IGT6, STM32H563IIK3Q, STM32H563IIK6, STM32H563IIT3Q, STM32H563IIT6, STM32H563MIY3QTR, STM32H563RGT6, STM32H563RGV6, STM32H563RIT6, STM32H563RIV6, STM32H563VGT6, STM32H563VIT3Q, STM32H563VIT6, STM32H563ZGT6, STM32H563ZIT3Q, STM32H563ZIT6, STM32H573AII3Q, STM32H573AII6, STM32H573I-DK, STM32H573IIK3Q, STM32H573IIK6, STM32H573IIT3Q, STM32H573IIT6, STM32H573MIY3QTR, STM32H573RIT6, STM32H573RIV6, STM32H573VIT3Q, STM32H573VIT6, STM32H573ZIT3Q, STM32H573ZIT6, STM32H7R3A8I6, STM32H7R3I8K6, STM32H7R3I8T6, STM32H7R3L8H6, STM32H7R3L8H6H, STM32H7R3R8V6, STM32H7R3V8H6, STM32H7R3V8T6, STM32H7R3V8Y6, STM32H7R3Z8J6, STM32H7R3Z8T6, STM32H7R7A8I6, STM32H7R7I8K6, STM32H7R7I8T6, STM32H7R7L8H6, STM32H7R7L8H6H, STM32H7R7Z8J6, STM32H7S3A8I6, STM32H7S3I8K6, STM32H7S3I8T6, STM32H7S3L8H6, STM32H7S3L8H6H, STM32H7S3R8V6, STM32H7S3V8H6, STM32H7S3V8T6, STM32H7S3V8Y6, STM32H7S3Z8J6, STM32H7S3Z8T6, STM32H7S78-DK, STM32H7S7A8I6, STM32H7S7I8K6, STM32H7S7I8T6, STM32H7S7L8H6, STM32H7S7L8H6H, STM32H7S7Z8J6, STM32L4R5QGI6STR, STM32MP131AAE3, STM32MP131AAF3, STM32MP131AAG3, STM32MP131CAE3, STM32MP131CAF3, STM32MP131CAG3, STM32MP131DAE7, STM32MP131DAF7, STM32MP131DAG7, STM32MP131FAE7, STM32MP131FAF7, STM32MP131FAG7, STM32MP133AAE3, STM32MP133AAF3, STM32MP133AAG3, STM32MP133CAE3, STM32MP133CAF3, STM32MP133CAG3, STM32MP133DAE7, STM32MP133DAF7, STM32MP133DAG7, STM32MP133FAE7, STM32MP133FAF7, STM32MP133FAG7, STM32MP135AAE3, STM32MP135AAF3, STM32MP135AAG3, STM32MP135CAE3, STM32MP135CAF3, STM32MP135CAG3, STM32MP135DAE7, STM32MP135DAF7, STM32MP135DAG7, STM32MP135F-DK, STM32MP135FAE7, STM32MP135FAF7, STM32MP135FAF7T, STM32MP135FAF7U, STM32MP135FAG7, STM32U031C6T6, STM32U031C6U6, STM32U031C8T6, STM32U031C8U6, STM32U031F4P6, STM32U031F6P6, STM32U031F8P6, STM32U031G6Y6TR, STM32U031G8Y6TR, STM32U031K4U6, STM32U031K6U6, STM32U031K8U6, STM32U031R6I6, STM32U031R6T6, STM32U031R8I6, STM32U031R8T6, STM32U073C8T6, STM32U073C8U6, STM32U073CBT6, STM32U073CBU6, STM32U073CCT6, STM32U073CCU6, STM32U073H8Y6TR, STM32U073HBY6TR, STM32U073HCY6TR, STM32U073K8U6, STM32U073KBU6, STM32U073KCU6, STM32U073M8I6, STM32U073M8T6, STM32U073MBI6, STM32U073MBT6, STM32U073MCI6, STM32U073MCT6, STM32U073R8I6, STM32U073R8T6, STM32U073RBI6, STM32U073RBT6, STM32U073RCI6, STM32U073RCT6, STM32U083C-DK, STM32U083CCT6, STM32U083CCU6, STM32U083HCY6TR, STM32U083KCU6, STM32U083MCI6, STM32U083MCT6, STM32U083RCI6, STM32U083RCT6, STM32U535CBT6, STM32U535CBT6Q, STM32U535CBU6, STM32U535CBU6Q, STM32U535CCT6, STM32U535CCT6Q, STM32U535CCU6, STM32U535CCU6Q, STM32U535CET6, STM32U535CET6Q, STM32U535CEU6, STM32U535CEU6Q, STM32U535JEY6QTR, STM32U535NCY6QTR, STM32U535NEY6QTR, STM32U535RBI6, STM32U535RBI6Q, STM32U535RBT6, STM32U535RBT6Q, STM32U535RCI6, STM32U535RCI6Q, STM32U535RCT6, STM32U535RCT6Q, STM32U535REI6, STM32U535REI6Q, STM32U535RET6, STM32U535RET6Q, STM32U535VCI6, STM32U535VCI6Q, STM32U535VCT6, STM32U535VCT6Q, STM32U535VEI6, STM32U535VEI6Q, STM32U535VET6, STM32U535VET6Q, STM32U545CET6, STM32U545CET6Q, STM32U545CEU6, STM32U545CEU6Q, STM32U545JEY6QTR, STM32U545NEY6QTR, STM32U545REI6, STM32U545REI6Q, STM32U545RET6, STM32U545RET6Q, STM32U545VEI6, STM32U545VEI6Q, STM32U545VET6, STM32U545VET6Q, STM32U595AIH6, STM32U595AIH6Q, STM32U595AJH6, STM32U595AJH6Q, STM32U595QII6, STM32U595QII6Q, STM32U595QJI6, STM32U595QJI6Q, STM32U595RIT6, STM32U595RIT6Q, STM32U595RJT6, STM32U595RJT6Q, STM32U595VIT6, STM32U595VIT6Q, STM32U595VJT6, STM32U595VJT6Q, STM32U595ZIT6, STM32U595ZIT6Q, STM32U595ZIY6QTR, STM32U595ZJT6, STM32U595ZJT6Q, STM32U595ZJY6QTR, STM32U599BJY6QTR, STM32U599NIH6Q, STM32U599NJH6Q, STM32U599VIT6Q, STM32U599VJT6, STM32U599VJT6Q, STM32U599ZIT6Q, STM32U599ZIY6QTR, STM32U599ZJT6Q, STM32U599ZJY6QTR, STM32U5A5AJH6, STM32U5A5AJH6Q, STM32U5A5QII3Q , STM32U5A5QJI6, STM32U5A5QJI6Q, STM32U5A5RJT6, STM32U5A5RJT6Q, STM32U5A5VJT6, STM32U5A5VJT6Q, STM32U5A5ZJT6, STM32U5A5ZJT6Q, STM32U5A5ZJY6QTR, STM32U5A9BJY6QTR, STM32U5A9J-DK, STM32U5A9NJH6Q, STM32U5A9VJT6Q, STM32U5A9ZJT6Q, STM32U5A9ZJY6QTR, STM32U5F7VIT6, STM32U5F7VIT6Q, STM32U5F7VJT6, STM32U5F7VJT6Q, STM32U5F9BJY6QTR, STM32U5F9NJH6Q, STM32U5F9VIT6Q, STM32U5F9VJT6Q, STM32U5F9ZIJ6QTR, STM32U5F9ZIT6Q, STM32U5F9ZJJ6QTR, STM32U5F9ZJT6Q, STM32U5G7VJT6, STM32U5G7VJT6Q, STM32U5G9BJY6QTR, STM32U5G9J-DK1, STM32U5G9J-DK2, STM32U5G9NJH6Q, STM32U5G9VJT6Q, STM32U5G9ZJJ6QTR, STM32U5G9ZJT6Q, STM32WB1MMCH6, STM32WBA50KEU6, STM32WBA50KEU6TR, STM32WBA50KGU6, STM32WBA50KGU6TR, STM32WBA52CEU6, STM32WBA52CEU6TR, STM32WBA52CEU7, STM32WBA52CEU7TR, STM32WBA52CGU6, STM32WBA52CGU6TR, STM32WBA52CGU6U, STM32WBA52CGU7, STM32WBA52CGU7TR, STM32WBA52KEU6, STM32WBA52KEU6TR, STM32WBA52KGU6, STM32WBA52KGU6TR, STM32WBA54CEU6, STM32WBA54CEU6TR, STM32WBA54CEU7, STM32WBA54CEU7TR, STM32WBA54CGU6, STM32WBA54CGU6TR, STM32WBA54CGU7, STM32WBA54CGU7TR, STM32WBA54KEU6, STM32WBA54KEU6TR, STM32WBA54KEU7, STM32WBA54KEU7TR, STM32WBA54KGU6, STM32WBA54KGU6TR, STM32WBA54KGU7, STM32WBA54KGU7TR, STM32WBA55CEU6, STM32WBA55CEU6TR, STM32WBA55CEU7, STM32WBA55CEU7TR, STM32WBA55CGU6, STM32WBA55CGU6TR, STM32WBA55CGU6U, STM32WBA55CGU7, STM32WBA55CGU7TR, STM32WBA55G-DK1, STM32WBA55HEF6, STM32WBA55HEF7, STM32WBA55HGF6, STM32WBA55HGF7, STM32WBA55UEI6, STM32WBA55UEI6TR, STM32WBA55UEI7, STM32WBA55UEI7TR, STM32WBA55UGI6, STM32WBA55UGI6TR, STM32WBA55UGI7, STM32WBA55UGI7TR, STM32WL5MOCH6, STM32WL5MOCH6TR]
2024-09-17 16:31:29,438 [INFO] DbMcus:218 - Found 4203 MCUs, 4203 are supported
2024-09-17 16:31:29,440 [INFO] ApiDb:423 - Load user favorites file C:\Users\tommy/.stm32cubeide/favorites.mcus.txt: 0 item(s)
2024-09-17 16:31:29,441 [INFO] ApiDb:427 - User favorites MCUs=[]
2024-09-17 16:31:29,449 [INFO] DbMcus:224 - Set 0 / 0 favorites MCUs
2024-09-17 16:31:30,953 [INFO] BoardInfo:889 - No configuration file found for board NUCLEO-WB05KZ
2024-09-17 16:31:30,954 [INFO] DbBoards:161 - Board is not supported: NUCLEO-WB05KZ
2024-09-17 16:31:30,963 [INFO] BoardInfo:889 - No configuration file found for board NUCLEO-WB07CC
2024-09-17 16:31:30,964 [INFO] DbBoards:161 - Board is not supported: NUCLEO-WB07CC
2024-09-17 16:31:30,968 [INFO] BoardInfo:889 - No configuration file found for board NUCLEO-WB09KE
2024-09-17 16:31:30,969 [INFO] DbBoards:161 - Board is not supported: NUCLEO-WB09KE
2024-09-17 16:31:31,023 [INFO] BoardInfo:889 - No configuration file found for board P-NUCLEO-WB55
2024-09-17 16:31:31,026 [INFO] DbBoards:161 - Kit is not supported: P-NUCLEO-WB55
2024-09-17 16:31:31,050 [INFO] BoardInfo:889 - No configuration file found for board STEVAL-BFA001V1B
2024-09-17 16:31:31,051 [INFO] DbBoards:161 - Kit is not supported: STEVAL-BFA001V1B
2024-09-17 16:31:31,055 [INFO] BoardInfo:889 - No configuration file found for board STEVAL-BFA001V2B
2024-09-17 16:31:31,056 [INFO] DbBoards:161 - Kit is not supported: STEVAL-BFA001V2B
2024-09-17 16:31:31,497 [INFO] BoardInfo:889 - No configuration file found for board STM32MP257F-DK
2024-09-17 16:31:31,498 [INFO] DbBoards:161 - Board is not supported: STM32MP257F-DK
2024-09-17 16:31:31,500 [INFO] BoardInfo:889 - No configuration file found for board STM32MP257F-EV1
2024-09-17 16:31:31,501 [INFO] DbBoards:161 - Board is not supported: STM32MP257F-EV1
2024-09-17 16:31:31,534 [INFO] DbBoards:168 - Found 200 boards, 192 are supported
2024-09-17 16:31:31,535 [INFO] DbBoards:169 - Found 200 boards, 8 of them is supported for  Bsp
2024-09-17 16:31:31,546 [INFO] ApiDb:423 - Load user favorites file C:\Users\tommy/.stm32cubeide/favorites.boards.txt: 0 item(s)
2024-09-17 16:31:31,546 [INFO] ApiDb:427 - User favorites Boards=[]
2024-09-17 16:31:31,546 [INFO] DbBoards:198 - Set 0 / 0 favorites Boards
2024-09-17 16:31:31,646 [INFO] UtilMem:75 - End LoadConfig() Used Memory: 669230312 Bytes (1073741824)
2024-09-17 16:31:32,214 [WARN] ThirdParty:833 - waiting for thirdparty lock release [change project]
2024-09-17 16:31:32,214 [INFO] ThirdParty:835 - entering critical section [change project]
2024-09-17 16:31:32,214 [INFO] ThirdParty:1030 - CMSIS Pack Vendor :STMicroelectronics USBPD 4.1
2024-09-17 16:31:32,214 [INFO] ThirdParty:1030 - CMSIS Pack Vendor :STMicroelectronics X-CUBE-AZRTOS-H7 3.3.0
2024-09-17 16:31:32,215 [INFO] ThirdParty:1030 - CMSIS Pack Vendor :STMicroelectronics X-CUBE-GNSS1 6.0.0
2024-09-17 16:31:32,215 [INFO] ThirdParty:1030 - CMSIS Pack Vendor :STMicroelectronics USB_HOST 2.0.0
2024-09-17 16:31:32,215 [INFO] ThirdParty:1030 - CMSIS Pack Vendor :STMicroelectronics FP-SNS-MOTENVWB1 1.4.0
2024-09-17 16:31:32,215 [INFO] ThirdParty:1030 - CMSIS Pack Vendor :STMicroelectronics X-CUBE-AZRTOS-F4 1.1.0
2024-09-17 16:31:32,215 [INFO] ThirdParty:1030 - CMSIS Pack Vendor :STMicroelectronics LIBJPEG 8.0.0
2024-09-17 16:31:32,215 [INFO] ThirdParty:1030 - CMSIS Pack Vendor :STMicroelectronics X-CUBE-SMBUS 2.1.0
2024-09-17 16:31:32,215 [INFO] ThirdParty:1030 - CMSIS Pack Vendor :STMicroelectronics USB_DEVICE 3.0.0
2024-09-17 16:31:32,215 [INFO] ThirdParty:1030 - CMSIS Pack Vendor :STMicroelectronics X-CUBE-TCPP 4.1.0
2024-09-17 16:31:32,216 [INFO] ThirdParty:1030 - CMSIS Pack Vendor :STMicroelectronics X-CUBE-ISPU 2.1.0
2024-09-17 16:31:32,216 [INFO] ThirdParty:1030 - CMSIS Pack Vendor :STMicroelectronics X-CUBE-FREERTOS 1.2.0
2024-09-17 16:31:32,216 [INFO] ThirdParty:1030 - CMSIS Pack Vendor :STMicroelectronics X-CUBE-AZRTOS-WB 2.0.0
2024-09-17 16:31:32,216 [INFO] ThirdParty:1030 - CMSIS Pack Vendor :STMicroelectronics X-CUBE-GNSS1 7.0.0
2024-09-17 16:31:32,216 [INFO] ThirdParty:1030 - CMSIS Pack Vendor :STMicroelectronics X-CUBE-TOUCHGFX 4.23.2
2024-09-17 16:31:32,216 [INFO] ThirdParty:1030 - CMSIS Pack Vendor :STMicroelectronics X-CUBE-AZRTOS-F7 1.1.0
2024-09-17 16:31:32,216 [INFO] ThirdParty:1030 - CMSIS Pack Vendor :STMicroelectronics X-CUBE-AZRTOS-L5 2.0.0
2024-09-17 16:31:32,216 [INFO] ThirdParty:1030 - CMSIS Pack Vendor :STMicroelectronics USB_DEVICE 2.0.0
2024-09-17 16:31:32,216 [INFO] ThirdParty:1030 - CMSIS Pack Vendor :STMicroelectronics X-CUBE-NFC6 3.1.0
2024-09-17 16:31:32,216 [INFO] ThirdParty:1030 - CMSIS Pack Vendor :STMicroelectronics FP-SNS-STBOX1 2.0.0
2024-09-17 16:31:32,217 [INFO] ThirdParty:1030 - CMSIS Pack Vendor :STMicroelectronics X-CUBE-MEMS1 11.0.0
2024-09-17 16:31:32,217 [INFO] ThirdParty:1030 - CMSIS Pack Vendor :STMicroelectronics FreeRTOS 0.0.1
2024-09-17 16:31:32,217 [INFO] ThirdParty:1030 - CMSIS Pack Vendor :STMicroelectronics X-CUBE-AZRTOS-G0 1.1.0
2024-09-17 16:31:32,217 [INFO] ThirdParty:1030 - CMSIS Pack Vendor :STMicroelectronics X-CUBE-SAFEA1 1.2.2
2024-09-17 16:31:32,217 [INFO] ThirdParty:1030 - CMSIS Pack Vendor :STMicroelectronics X-CUBE-NFC4 3.0.0
2024-09-17 16:31:32,217 [INFO] ThirdParty:1030 - CMSIS Pack Vendor :STMicroelectronics X-CUBE-DPower 1.2.0
2024-09-17 16:31:32,217 [INFO] ThirdParty:1030 - CMSIS Pack Vendor :STMicroelectronics X-CUBE-SUBG2 5.0.0
2024-09-17 16:31:32,217 [INFO] ThirdParty:1030 - CMSIS Pack Vendor :STMicroelectronics STM32_WPAN 1.0.0
2024-09-17 16:31:32,217 [INFO] ThirdParty:1030 - CMSIS Pack Vendor :wolfSSL I-CUBE-wolfMQTT 1.18.0
2024-09-17 16:31:32,218 [INFO] ThirdParty:1030 - CMSIS Pack Vendor :EmbeddedOffice I-CUBE-FS-RTOS 1.0.1
2024-09-17 16:31:32,218 [INFO] ThirdParty:1030 - CMSIS Pack Vendor :STMicroelectronics lwIP 2.0.3
2024-09-17 16:31:32,218 [INFO] ThirdParty:1030 - CMSIS Pack Vendor :STMicroelectronics FP-SNS-FLIGHT1 5.0.2
2024-09-17 16:31:32,218 [INFO] ThirdParty:1030 - CMSIS Pack Vendor :Cesanta I-CUBE-Mongoose 7.13.0
2024-09-17 16:31:32,218 [INFO] ThirdParty:1030 - CMSIS Pack Vendor :STMicroelectronics USB_HOST 1.0.0
2024-09-17 16:31:32,218 [INFO] ThirdParty:1030 - CMSIS Pack Vendor :STMicroelectronics X-CUBE-AI 9.0.0
2024-09-17 16:31:32,218 [INFO] ThirdParty:1030 - CMSIS Pack Vendor :STMicroelectronics X-CUBE-AZRTOS-G4 2.0.0
2024-09-17 16:31:32,218 [INFO] ThirdParty:1030 - CMSIS Pack Vendor :STMicroelectronics PDM2PCM 3.1.0
2024-09-17 16:31:32,218 [INFO] ThirdParty:1030 - CMSIS Pack Vendor :STMicroelectronics PDM2PCM 3.3.0
2024-09-17 16:31:32,218 [INFO] ThirdParty:1030 - CMSIS Pack Vendor :STMicroelectronics X-CUBE-DISPLAY 3.0.0
2024-09-17 16:31:32,218 [INFO] ThirdParty:1030 - CMSIS Pack Vendor :RealThread X-CUBE-RT-Thread_Nano 4.1.1
2024-09-17 16:31:32,218 [INFO] ThirdParty:1030 - CMSIS Pack Vendor :wolfSSL I-CUBE-wolfSSL 5.7.0
2024-09-17 16:31:32,219 [INFO] ThirdParty:1030 - CMSIS Pack Vendor :STMicroelectronics X-CUBE-BLE1 7.0.0
2024-09-17 16:31:32,219 [INFO] ThirdParty:1030 - CMSIS Pack Vendor :STMicroelectronics FP-ATR-SIGFOX1 3.2.0
2024-09-17 16:31:32,219 [INFO] ThirdParty:1030 - CMSIS Pack Vendor :STMicroelectronics X-CUBE-ISPU 2.0.0
2024-09-17 16:31:32,219 [INFO] ThirdParty:1030 - CMSIS Pack Vendor :STMicroelectronics X-CUBE-EEPRMA1 5.1.0
2024-09-17 16:31:32,219 [INFO] ThirdParty:1030 - CMSIS Pack Vendor :STMicroelectronics HAL Drivers 0.0.0
2024-09-17 16:31:32,219 [INFO] ThirdParty:1030 - CMSIS Pack Vendor :STMicroelectronics MBEDTLS 2.16.2
2024-09-17 16:31:32,219 [INFO] ThirdParty:1030 - CMSIS Pack Vendor :STMicroelectronics X-CUBE-ALS 1.0.2
2024-09-17 16:31:32,219 [INFO] ThirdParty:1030 - CMSIS Pack Vendor :emotas I-CUBE-CANOPEN 1.3.0
2024-09-17 16:31:32,219 [INFO] ThirdParty:1030 - CMSIS Pack Vendor :STMicroelectronics X-CUBE-MEMS1 10.0.0
2024-09-17 16:31:32,219 [INFO] ThirdParty:1030 - CMSIS Pack Vendor :STMicroelectronics X-CUBE-NFC7 1.0.1
2024-09-17 16:31:32,219 [INFO] ThirdParty:1030 - CMSIS Pack Vendor :STMicroelectronics MBEDTLS 2.14.1
2024-09-17 16:31:32,220 [INFO] ThirdParty:1030 - CMSIS Pack Vendor :STMicroelectronics X-CUBE-TOUCHGFX 4.24.0
2024-09-17 16:31:32,220 [INFO] ThirdParty:1030 - CMSIS Pack Vendor :ITTIA_DB I-CUBE-ITTIADB 8.9.0
2024-09-17 16:31:32,220 [INFO] ThirdParty:1030 - CMSIS Pack Vendor :wolfSSL I-CUBE-wolfTPM 3.2.0
2024-09-17 16:31:32,220 [INFO] ThirdParty:1030 - CMSIS Pack Vendor :portGmbH I-Cube-SoM-uGOAL 1.1.0
2024-09-17 16:31:32,220 [INFO] ThirdParty:1030 - CMSIS Pack Vendor :STMicroelectronics X-CUBE-ALS 1.0.1
2024-09-17 16:31:32,220 [INFO] ThirdParty:1030 - CMSIS Pack Vendor :STMicroelectronics X-CUBE-BLEMGR 3.1.0
2024-09-17 16:31:32,220 [INFO] ThirdParty:1030 - CMSIS Pack Vendor :STMicroelectronics ThreadX 1.0.0
2024-09-17 16:31:32,220 [INFO] ThirdParty:1030 - CMSIS Pack Vendor :STMicroelectronics FP-SNS-SMARTAG2 1.2.0
2024-09-17 16:31:32,220 [INFO] ThirdParty:1030 - CMSIS Pack Vendor :STMicroelectronics X-CUBE-AZRTOS-WL 2.0.0
2024-09-17 16:31:32,220 [INFO] ThirdParty:1030 - CMSIS Pack Vendor :SEGGER I-CUBE-embOS 1.3.1
2024-09-17 16:31:32,220 [INFO] ThirdParty:1030 - CMSIS Pack Vendor :STMicroelectronics X-CUBE-ALGOBUILD 1.4.0
2024-09-17 16:31:32,220 [INFO] ThirdParty:1030 - CMSIS Pack Vendor :STMicroelectronics FP-SNS-MOTENV1 5.0.0
2024-09-17 16:31:32,221 [INFO] ThirdParty:1030 - CMSIS Pack Vendor :STMicroelectronics USB_DEVICE 1.0.0
2024-09-17 16:31:32,221 [INFO] ThirdParty:1030 - CMSIS Pack Vendor :STMicroelectronics X-CUBE-AZRTOS-H7RS 1.0.0
2024-09-17 16:31:32,221 [INFO] ThirdParty:1030 - CMSIS Pack Vendor :wolfSSL I-CUBE-wolfMQTT 1.19.0
2024-09-17 16:31:32,221 [INFO] ThirdParty:1030 - CMSIS Pack Vendor :STMicroelectronics X-CUBE-AZRTOS-L4 2.0.0
2024-09-17 16:31:32,221 [INFO] ThirdParty:1030 - CMSIS Pack Vendor :STMicroelectronics ThreadX 0.0.2
2024-09-17 16:31:32,221 [INFO] ThirdParty:1030 - CMSIS Pack Vendor :WES I-CUBE-Cesium 1.3.0
2024-09-17 16:31:32,221 [INFO] ThirdParty:1030 - CMSIS Pack Vendor :STMicroelectronics FP-ATR-ASTRA1 2.0.0
2024-09-17 16:31:32,221 [INFO] ThirdParty:1030 - CMSIS Pack Vendor :STMicroelectronics lwIP 2.1.2
2024-09-17 16:31:32,222 [INFO] ThirdParty:1030 - CMSIS Pack Vendor :STMicroelectronics X-CUBE-SFXS2LP1 4.0.0
2024-09-17 16:31:32,222 [INFO] ThirdParty:1030 - CMSIS Pack Vendor :STMicroelectronics X-CUBE-BLE2 3.3.0
2024-09-17 16:31:32,222 [INFO] ThirdParty:1030 - CMSIS Pack Vendor :STMicroelectronics X-CUBE-TOF1 3.4.2
2024-09-17 16:31:32,222 [INFO] ThirdParty:1030 - CMSIS Pack Vendor :STMicroelectronics X-CUBE-TOF1 3.4.1
2024-09-17 16:31:32,222 [INFO] ThirdParty:1030 - CMSIS Pack Vendor :STMicroelectronics X-CUBE-AZRTOS-H7 3.2.0
2024-09-17 16:31:32,222 [INFO] ThirdParty:1030 - CMSIS Pack Vendor :Infineon AIROC-Wi-Fi-Bluetooth-STM32 1.6.0
2024-09-17 16:31:32,222 [INFO] ThirdParty:1030 - CMSIS Pack Vendor :STMicroelectronics PDM2PCM 3.2.0
2024-09-17 16:31:32,222 [INFO] ThirdParty:1030 - CMSIS Pack Vendor :wolfSSL I-CUBE-wolfSSH 1.4.17
2024-09-17 16:31:32,224 [INFO] ThirdParty:841 - exiting critical section [change project]
2024-09-17 16:31:33,860 [INFO] PinOutPanel:1561 - setPackage(No Configuration,No Configuration)
2024-09-17 16:31:33,863 [INFO] PinOutPanel:1561 - setPackage(STM32F446RETx,LQFP64)
2024-09-17 16:31:36,198 [INFO] UtilMem:75 - Before build in PCC Used Memory: 899796928 Bytes (1073741824)
2024-09-17 16:31:38,950 [INFO] UtilMem:75 - After build in PCC Used Memory: 644323856 Bytes (1073741824)
2024-09-17 16:31:39,036 [INFO] IPUIPlugin:80 - create IPUIPlugin
2024-09-17 16:31:39,037 [INFO] IPUIPlugin:80 - create IPUIPlugin
2024-09-17 16:31:39,037 [INFO] IPUIPlugin:80 - create IPUIPlugin
2024-09-17 16:31:39,037 [INFO] IPUIPlugin:80 - create IPUIPlugin
2024-09-17 16:31:39,037 [INFO] IPUIPlugin:80 - create IPUIPlugin
2024-09-17 16:31:39,037 [INFO] IPUIPlugin:80 - create IPUIPlugin
2024-09-17 16:31:39,038 [INFO] IPUIPlugin:80 - create IPUIPlugin
2024-09-17 16:31:39,038 [INFO] IPUIPlugin:80 - create IPUIPlugin
2024-09-17 16:31:39,038 [INFO] IPUIPlugin:80 - create IPUIPlugin
2024-09-17 16:31:39,038 [INFO] IPUIPlugin:80 - create IPUIPlugin
2024-09-17 16:31:39,038 [INFO] IPUIPlugin:80 - create IPUIPlugin
2024-09-17 16:31:39,039 [INFO] IPUIPlugin:80 - create IPUIPlugin
2024-09-17 16:31:39,039 [INFO] IPUIPlugin:80 - create IPUIPlugin
2024-09-17 16:31:39,039 [INFO] IPUIPlugin:80 - create IPUIPlugin
2024-09-17 16:31:39,039 [INFO] IPUIPlugin:80 - create IPUIPlugin
2024-09-17 16:31:39,040 [INFO] IPUIPlugin:80 - create IPUIPlugin
2024-09-17 16:31:39,040 [INFO] IPUIPlugin:80 - create IPUIPlugin
2024-09-17 16:31:39,040 [INFO] IPUIPlugin:80 - create IPUIPlugin
2024-09-17 16:31:39,040 [INFO] IPUIPlugin:80 - create IPUIPlugin
2024-09-17 16:31:39,041 [INFO] IPUIPlugin:80 - create IPUIPlugin
2024-09-17 16:31:39,041 [INFO] IPUIPlugin:80 - create IPUIPlugin
2024-09-17 16:31:39,041 [INFO] IPUIPlugin:80 - create IPUIPlugin
2024-09-17 16:31:39,042 [INFO] IPUIPlugin:80 - create IPUIPlugin
2024-09-17 16:31:39,042 [INFO] IPUIPlugin:80 - create IPUIPlugin
2024-09-17 16:31:39,043 [INFO] IPUIPlugin:80 - create IPUIPlugin
2024-09-17 16:31:39,043 [INFO] IPUIPlugin:80 - create IPUIPlugin
2024-09-17 16:31:39,044 [INFO] IPUIPlugin:80 - create IPUIPlugin
2024-09-17 16:31:39,044 [INFO] IPUIPlugin:80 - create IPUIPlugin
2024-09-17 16:31:39,044 [INFO] IPUIPlugin:80 - create IPUIPlugin
2024-09-17 16:31:39,045 [INFO] IPUIPlugin:80 - create IPUIPlugin
2024-09-17 16:31:39,046 [INFO] IPUIPlugin:80 - create IPUIPlugin
2024-09-17 16:31:39,047 [INFO] IPUIPlugin:80 - create IPUIPlugin
2024-09-17 16:31:39,047 [INFO] IPUIPlugin:80 - create IPUIPlugin
2024-09-17 16:31:39,048 [INFO] IPUIPlugin:80 - create IPUIPlugin
2024-09-17 16:31:39,048 [INFO] IPUIPlugin:80 - create IPUIPlugin
2024-09-17 16:31:39,049 [INFO] IPUIPlugin:80 - create IPUIPlugin
2024-09-17 16:31:39,050 [INFO] IPUIPlugin:80 - create IPUIPlugin
2024-09-17 16:31:39,050 [INFO] IPUIPlugin:80 - create IPUIPlugin
2024-09-17 16:31:39,051 [INFO] IPUIPlugin:80 - create IPUIPlugin
2024-09-17 16:31:39,051 [INFO] IPUIPlugin:80 - create IPUIPlugin
2024-09-17 16:31:39,052 [INFO] IPUIPlugin:80 - create IPUIPlugin
2024-09-17 16:31:39,052 [INFO] IPUIPlugin:80 - create IPUIPlugin
2024-09-17 16:31:39,053 [INFO] IPUIPlugin:80 - create IPUIPlugin
2024-09-17 16:31:39,054 [INFO] IPUIPlugin:80 - create IPUIPlugin
2024-09-17 16:31:39,055 [INFO] IPUIPlugin:80 - create IPUIPlugin
2024-09-17 16:31:39,055 [INFO] IPUIPlugin:80 - create IPUIPlugin
2024-09-17 16:31:39,056 [INFO] IPUIPlugin:80 - create IPUIPlugin
2024-09-17 16:31:39,057 [INFO] IPUIPlugin:80 - create IPUIPlugin
2024-09-17 16:31:39,058 [INFO] IPUIPlugin:80 - create IPUIPlugin
2024-09-17 16:31:39,058 [INFO] IPUIPlugin:80 - create IPUIPlugin
2024-09-17 16:31:39,059 [INFO] IPUIPlugin:80 - create IPUIPlugin
2024-09-17 16:31:39,060 [INFO] IPUIPlugin:80 - create IPUIPlugin
2024-09-17 16:31:39,061 [INFO] IPUIPlugin:80 - create IPUIPlugin
2024-09-17 16:31:39,062 [INFO] IPUIPlugin:80 - create IPUIPlugin
2024-09-17 16:31:39,063 [INFO] IPUIPlugin:80 - create IPUIPlugin
2024-09-17 16:31:39,063 [INFO] IPUIPlugin:80 - create IPUIPlugin
2024-09-17 16:31:39,064 [INFO] IPUIPlugin:80 - create IPUIPlugin
2024-09-17 16:31:39,066 [INFO] IPUIPlugin:80 - create IPUIPlugin
2024-09-17 16:31:39,067 [INFO] IPUIPlugin:80 - create IPUIPlugin
2024-09-17 16:31:39,068 [INFO] IPUIPlugin:80 - create IPUIPlugin
2024-09-17 16:31:39,266 [INFO] ApiDbMcu:508 - Load IP Config File for PDM2PCM
2024-09-17 16:31:39,300 [INFO] Can:71 - Can Add PropertyChangeListener com.st.microxplorer.plugins.ip.can.Can@6bb6e321
2024-09-17 16:31:39,304 [WARN] IP:2120 - I2C_Coeff_DF not found: check if there is a RefParameter without a condition.
2024-09-17 16:31:39,304 [WARN] IP:2120 - Analog_Filter not found: check if there is a RefParameter without a condition.
2024-09-17 16:31:39,946 [INFO] CADModel:165 - CPN selected for project levelSTM32F446RET6
2024-09-17 16:31:39,947 [INFO] CADModel:114 - Register for checkConnection events
2024-09-17 16:31:40,039 [INFO] OpenFileManager:343 - Restore cursor
2024-09-17 16:31:40,888 [WARN] IP:2120 - I2C_Coeff_DF not found: check if there is a RefParameter without a condition.
2024-09-17 16:31:40,888 [WARN] IP:2120 - Analog_Filter not found: check if there is a RefParameter without a condition.
2024-09-17 16:31:40,890 [WARN] IP:2120 - I2C_Coeff_DF not found: check if there is a RefParameter without a condition.
2024-09-17 16:31:40,890 [WARN] IP:2120 - Analog_Filter not found: check if there is a RefParameter without a condition.
2024-09-17 16:32:59,451 [INFO] NvicIntPanel:101 - NVIC parent = com.st.microxplorer.plugins.ip.nvic.MultiNvicIntPanel[,0,0,450x216,layout=javax.swing.BoxLayout,alignmentX=0.0,alignmentY=0.0,border=,flags=9,maximumSize=,minimumSize=,preferredSize=]
2024-09-17 16:33:01,446 [INFO] NvicIntPanel:101 - NVIC parent = com.st.microxplorer.plugins.ip.nvic.MultiNvicIntPanel[,0,0,0x0,invalid,layout=javax.swing.BoxLayout,alignmentX=0.0,alignmentY=0.0,border=,flags=9,maximumSize=,minimumSize=,preferredSize=]
2024-09-17 16:33:24,755 [INFO] NvicIntPanel:101 - NVIC parent = com.st.microxplorer.plugins.ip.nvic.MultiNvicIntPanel[,0,0,0x0,invalid,layout=javax.swing.BoxLayout,alignmentX=0.0,alignmentY=0.0,border=,flags=9,maximumSize=,minimumSize=,preferredSize=]
2024-09-17 16:34:30,504 [INFO] UtilMem:75 - End SaveConfig() Used Memory: 760018944 Bytes (1073741824)
2024-09-17 16:34:30,952 [INFO] UtilMem:75 - End SaveConfig() Used Memory: 599860024 Bytes (1073741824)
2024-09-17 16:34:35,754 [INFO] UtilMem:75 - End SaveConfig() Used Memory: 673684640 Bytes (1073741824)
2024-09-17 16:34:37,565 [INFO] BlockDiagram:2759 - set Specific Code input for plugin: SPI
2024-09-17 16:34:37,565 [INFO] BlockDiagram:2759 - set Specific Code input for plugin: CAN
2024-09-17 16:34:37,566 [INFO] BlockDiagram:2759 - set Specific Code input for plugin: SYS
2024-09-17 16:34:37,566 [INFO] BlockDiagram:2759 - set Specific Code input for plugin: ADC
2024-09-17 16:34:37,566 [INFO] BlockDiagram:2759 - set Specific Code input for plugin: RCC
2024-09-17 16:34:37,566 [INFO] BlockDiagram:2759 - set Specific Code input for plugin: I2C
2024-09-17 16:34:37,566 [INFO] BlockDiagram:2759 - set Specific Code input for plugin: NVIC
2024-09-17 16:34:37,566 [INFO] BlockDiagram:2759 - set Specific Code input for plugin: USART
2024-09-17 16:34:37,566 [INFO] BlockDiagram:2759 - set Specific Code input for plugin: DMA
2024-09-17 16:34:37,568 [INFO] BlockDiagram:2759 - set Specific Code input for plugin: GPIO
2024-09-17 16:34:37,571 [INFO] CodeGenerator:807 - code generatio: config db path: C:\ST\STM32CubeIDE_1.15.1\STM32CubeIDE\plugins\com.st.stm32cube.common.mx_6.11.1.202404110753\\db\
2024-09-17 16:34:37,652 [WARN] IP:2120 - I2C_Coeff_DF not found: check if there is a RefParameter without a condition.
2024-09-17 16:34:37,652 [WARN] IP:2120 - Analog_Filter not found: check if there is a RefParameter without a condition.
2024-09-17 16:34:38,141 [INFO] CodeEngine:255 - oldGeneratedFile, C:\Users\tommy\Documents\GitHub\FSAE-HMI-2024\STM32\PP\MXTmpFiles\license.tmp_save
2024-09-17 16:34:39,257 [INFO] CodeEngine:279 - Generated code: C:\Users\tommy\Documents\GitHub\FSAE-HMI-2024\STM32\PP\MXTmpFiles\license.tmp
2024-09-17 16:34:39,615 [INFO] CodeEngine:255 - oldGeneratedFile, C:\Users\tommy\Documents\GitHub\FSAE-HMI-2024\STM32\PP\MXTmpFiles\gpio.tmp_save
2024-09-17 16:34:40,082 [INFO] CodeEngine:279 - Generated code: C:\Users\tommy\Documents\GitHub\FSAE-HMI-2024\STM32\PP\MXTmpFiles\gpio.tmp
2024-09-17 16:34:42,394 [INFO] CodeEngine:255 - oldGeneratedFile, C:\Users\tommy\Documents\GitHub\FSAE-HMI-2024\STM32\PP\MXTmpFiles\dma.tmp_save
2024-09-17 16:34:42,981 [INFO] CodeEngine:279 - Generated code: C:\Users\tommy\Documents\GitHub\FSAE-HMI-2024\STM32\PP\MXTmpFiles\dma.tmp
2024-09-17 16:34:43,012 [INFO] CodeEngine:255 - oldGeneratedFile, C:\Users\tommy\Documents\GitHub\FSAE-HMI-2024\STM32\PP\MXTmpFiles\dma_GV.tmp_save
2024-09-17 16:34:43,907 [INFO] CodeEngine:279 - Generated code: C:\Users\tommy\Documents\GitHub\FSAE-HMI-2024\STM32\PP\MXTmpFiles\dma_GV.tmp
2024-09-17 16:34:44,180 [INFO] CodeEngine:255 - oldGeneratedFile, C:\Users\tommy\Documents\GitHub\FSAE-HMI-2024\STM32\PP\Core\Src\stm32f4xx_it.c_save
2024-09-17 16:34:45,164 [INFO] CodeEngine:279 - Generated code: C:\Users\tommy\Documents\GitHub\FSAE-HMI-2024\STM32\PP\Core\Src\stm32f4xx_it.c
2024-09-17 16:34:45,195 [INFO] CodeEngine:255 - oldGeneratedFile, C:\Users\tommy\Documents\GitHub\FSAE-HMI-2024\STM32\PP\Core\Inc\stm32f4xx_it.h_save
2024-09-17 16:34:45,583 [INFO] CodeEngine:279 - Generated code: C:\Users\tommy\Documents\GitHub\FSAE-HMI-2024\STM32\PP\Core\Inc\stm32f4xx_it.h
2024-09-17 16:34:45,660 [INFO] CodeEngine:255 - oldGeneratedFile, C:\Users\tommy\Documents\GitHub\FSAE-HMI-2024\STM32\PP\Core\Src\stm32f4xx_hal_msp.c_save
2024-09-17 16:34:46,677 [INFO] CodeEngine:279 - Generated code: C:\Users\tommy\Documents\GitHub\FSAE-HMI-2024\STM32\PP\Core\Src\stm32f4xx_hal_msp.c
2024-09-17 16:34:46,705 [INFO] CodeEngine:255 - oldGeneratedFile, C:\Users\tommy\Documents\GitHub\FSAE-HMI-2024\STM32\PP\MXTmpFiles\system.tmp_save
2024-09-17 16:34:47,140 [INFO] CodeEngine:279 - Generated code: C:\Users\tommy\Documents\GitHub\FSAE-HMI-2024\STM32\PP\MXTmpFiles\system.tmp
2024-09-17 16:34:47,190 [INFO] CodeEngine:311 - oldGeneratedFile, C:\Users\tommy\Documents\GitHub\FSAE-HMI-2024\STM32\PP\Core\Inc\stm32f4xx_hal_conf.h_save
2024-09-17 16:34:47,728 [INFO] CodeEngine:335 - Generated code: C:\Users\tommy\Documents\GitHub\FSAE-HMI-2024\STM32\PP\Core\Inc\stm32f4xx_hal_conf.h
2024-09-17 16:34:47,896 [WARN] IPConfigManager:2982 - Warning: the RefConfig PLL2P_FOR_MCO is not available in your config.xml file
2024-09-17 16:34:48,031 [INFO] CodeEngine:255 - oldGeneratedFile, C:\Users\tommy\Documents\GitHub\FSAE-HMI-2024\STM32\PP\Core\Inc\main.h_save
2024-09-17 16:34:48,612 [INFO] CodeEngine:279 - Generated code: C:\Users\tommy\Documents\GitHub\FSAE-HMI-2024\STM32\PP\Core\Inc\main.h
2024-09-17 16:34:48,663 [INFO] CodeEngine:255 - oldGeneratedFile, C:\Users\tommy\Documents\GitHub\FSAE-HMI-2024\STM32\PP\Core\Src\main.c_save
2024-09-17 16:34:49,908 [INFO] CodeEngine:279 - Generated code: C:\Users\tommy\Documents\GitHub\FSAE-HMI-2024\STM32\PP\Core\Src\main.c
2024-09-17 16:34:52,413 [INFO] ProjectBuilder:3163 - Time for Copy HAL[1] : 1116mS.
2024-09-17 16:34:52,446 [INFO] ProjectBuilder:4736 - Project Generator version: 4.3.0-B58
2024-09-17 16:34:53,378 [INFO] ConfigFileManager:1503 - The Die is : DIE421
2024-09-17 16:34:53,421 [INFO] ApiDbMcu:508 - Load IP Config File for FATFS
2024-09-17 16:34:53,444 [INFO] ApiDbMcu:508 - Load IP Config File for FREERTOS
2024-09-17 16:34:53,453 [INFO] ApiDbMcu:508 - Load IP Config File for LIBJPEG
2024-09-17 16:34:53,488 [INFO] ApiDbMcu:508 - Load IP Config File for MBEDTLS
2024-09-17 16:34:53,608 [INFO] ApiDbMcu:508 - Load IP Config File for USB_DEVICE
2024-09-17 16:34:53,639 [INFO] ApiDbMcu:508 - Load IP Config File for USB_HOST
2024-09-17 16:34:55,944 [INFO] LogOutputStream:77 - [STDOUT_REDIRECT] 
2024-09-17 16:35:03,088 [INFO] ProjectBuilder:5002 - Time for Generating toolchain IDE Files: 10641mS.
2024-09-17 16:35:03,090 [INFO] ProjectBuilder:3034 - Time for Copy CMSIS : 2mS.
2024-09-17 16:35:03,150 [INFO] ProjectBuilder:3034 - Time for Copy CMSIS : 0mS.
